{"type":"FeatureCollection","features":[{"type":"Feature","properties":{"name":"Acre"},"geometry":{"type":"MultiPolygon","coordinates":[[[[-73.608,-7.202],[-72.87,-7.529],[-72.663,-7.623],[-72.189,-7.72],[-72.005,-7.774],[-71.512,-7.887],[-71.241,-7.95],[-70.937,-8.019],[-70.575,-8.096],[-70.369,-8.141],[-69.761,-8.466],[-69.553,-8.578],[-69.435,-8.641],[-69.178,-8.768],[-68.989,-8.866],[-68.784,-8.972],[-68.728,-9.0],[-68.62,-9.048],[-68.188,-9.232],[-67.94,-9.337],[-67.496,-9.524],[-67.328,-9.594],[-67.133,-9.676],[-66.806,-9.814],[-66.689,-9.862],[-66.619,-9.894],[-66.633,-9.927],[-66.667,-9.946],[-66.69,-9.968],[-66.721,-9.983],[-66.753,-9.997],[-66.778,-10.018],[-66.806,-10.038],[-66.831,-10.061],[-66.852,-10.086],[-66.882,-10.102],[-66.902,-10.126],[-66.933,-10.148],[-66.951,-10.186],[-66.992,-10.203],[-67.004,-10.24],[-67.033,-10.261],[-67.063,-10.28],[-67.105,-10.285],[-67.139,-10.309],[-67.163,-10.33],[-67.207,-10.323],[-67.254,-10.328],[-67.295,-10.324],[-67.317,-10.354],[-67.339,-10.377],[-67.38,-10.381],[-67.421,-10.391],[-67.43,-10.43],[-67.451,-10.456],[-67.491,-10.473],[-67.52,-10.49],[-67.563,-10.498],[-67.592,-10.518],[-67.608,-10.548],[-67.634,-10.58],[-67.653,-10.609],[-67.69,-10.651],[-67.707,-10.708],[-67.744,-10.698],[-67.776,-10.684],[-67.808,-10.667],[-67.837,-10.649],[-67.877,-10.644],[-67.916,-10.65],[-67.961,-10.651],[-68.008,-10.65],[-68.036,-10.667],[-68.066,-10.683],[-68.092,-10.704],[-68.102,-10.74],[-68.111,-10.781],[-68.136,-10.805],[-68.159,-10.827],[-68.181,-10.853],[-68.205,-10.879],[-68.223,-10.911],[-68.233,-10.949],[-68.257,-10.972],[-68.289,-10.988],[-68.326,-11.009],[-68.37,-11.011],[-68.389,-11.042],[-68.428,-11.033],[-68.461,-11.046],[-68.499,-11.06],[-68.519,-11.089],[-68.716,-11.143],[-68.721,-11.103],[-68.751,-11.086],[-68.765,-11.049],[-68.749,-11.02],[-68.779,-11.005],[-68.823,-11.004],[-68.86,-11.013],[-68.907,-11.018],[-68.947,-11.012],[-68.972,-10.989],[-69.001,-11.006],[-69.027,-10.983],[-69.068,-10.974],[-69.113,-10.973],[-69.154,-10.962],[-69.189,-10.949],[-69.233,-10.941],[-69.273,-10.947],[-69.32,-10.943],[-69.372,-10.94],[-69.414,-10.933],[-69.453,-10.944],[-69.496,-10.949],[-69.531,-10.936],[-69.572,-10.943],[-69.612,-10.95],[-69.659,-10.952],[-69.698,-10.971],[-69.741,-10.969],[-69.774,-10.939],[-69.811,-10.925],[-69.855,-10.928],[-69.9,-10.92],[-69.947,-10.925],[-69.974,-10.947],[-70.008,-10.963],[-70.038,-10.978],[-70.071,-10.992],[-70.108,-11.002],[-70.135,-11.021],[-70.164,-11.039],[-70.2,-11.053],[-70.242,-11.046],[-70.277,-11.058],[-70.311,-11.07],[-70.356,-11.059],[-70.389,-11.046],[-70.432,-11.04],[-70.447,-11.007],[-70.473,-10.984],[-70.499,-10.958],[-70.531,-10.935],[-70.622,-10.999],[-70.622,-10.921],[-70.624,-10.712],[-70.625,-10.457],[-70.626,-10.363],[-70.625,-10.077],[-70.622,-9.966],[-70.623,-9.821],[-70.598,-9.8],[-70.572,-9.781],[-70.538,-9.765],[-70.528,-9.721],[-70.543,-9.679],[-70.571,-9.66],[-70.589,-9.629],[-70.592,-9.586],[-70.558,-9.572],[-70.569,-9.533],[-70.546,-9.511],[-70.515,-9.493],[-70.507,-9.455],[-70.528,-9.431],[-70.574,-9.435],[-70.597,-9.457],[-70.625,-9.477],[-70.652,-9.499],[-70.677,-9.525],[-70.705,-9.542],[-70.729,-9.567],[-70.757,-9.584],[-70.78,-9.609],[-70.8,-9.64],[-70.84,-9.655],[-70.875,-9.674],[-70.896,-9.7],[-70.922,-9.735],[-70.963,-9.747],[-70.991,-9.788],[-71.016,-9.815],[-71.059,-9.822],[-71.088,-9.839],[-71.143,-9.862],[-71.168,-9.884],[-71.183,-9.918],[-71.207,-9.947],[-71.233,-9.968],[-71.272,-9.979],[-71.309,-9.992],[-71.34,-9.973],[-71.369,-9.99],[-71.82,-10.0],[-71.88,-10.0],[-72.0,-10.0],[-72.061,-10.0],[-72.18,-10.0],[-72.157,-9.969],[-72.173,-9.935],[-72.156,-9.902],[-72.156,-9.855],[-72.154,-9.809],[-72.177,-9.782],[-72.214,-9.773],[-72.249,-9.761],[-72.27,-9.737],[-72.252,-9.69],[-72.255,-9.648],[-72.267,-9.613],[-72.287,-9.581],[-72.291,-9.537],[-72.339,-9.52],[-72.363,-9.495],[-72.4,-9.481],[-72.449,-9.481],[-72.488,-9.487],[-72.525,-9.474],[-72.563,-9.465],[-72.598,-9.454],[-72.636,-9.445],[-72.676,-9.439],[-72.712,-9.424],[-72.744,-9.41],[-73.069,-9.411],[-73.208,-9.411],[-73.196,-9.371],[-73.162,-9.352],[-73.132,-9.313],[-73.101,-9.299],[-73.092,-9.262],[-73.066,-9.229],[-73.024,-9.221],[-72.999,-9.198],[-72.979,-9.154],[-72.952,-9.129],[-72.944,-9.092],[-72.945,-9.047],[-72.957,-9.009],[-72.971,-8.974],[-72.985,-8.94],[-73.009,-8.914],[-73.04,-8.892],[-73.053,-8.86],[-73.076,-8.831],[-73.088,-8.791],[-73.114,-8.75],[-73.127,-8.712],[-73.151,-8.687],[-73.2,-8.687],[-73.233,-8.666],[-73.249,-8.631],[-73.288,-8.616],[-73.287,-8.569],[-73.281,-8.526],[-73.277,-8.484],[-73.323,-8.474],[-73.36,-8.466],[-73.401,-8.447],[-73.412,-8.411],[-73.453,-8.402],[-73.489,-8.386],[-73.521,-8.363],[-73.534,-8.329],[-73.54,-8.288],[-73.55,-8.25],[-73.573,-8.227],[-73.597,-8.205],[-73.594,-8.142],[-73.597,-8.097],[-73.619,-8.069],[-73.63,-8.021],[-73.662,-8.007],[-73.685,-7.983],[-73.711,-7.96],[-73.747,-7.949],[-73.759,-7.913],[-73.769,-7.87],[-73.715,-7.875],[-73.689,-7.852],[-73.684,-7.811],[-73.691,-7.767],[-73.722,-7.748],[-73.756,-7.731],[-73.809,-7.722],[-73.835,-7.699],[-73.862,-7.676],[-73.886,-7.65],[-73.909,-7.625],[-73.936,-7.604],[-73.956,-7.579],[-73.985,-7.56],[-73.969,-7.531],[-73.933,-7.494],[-73.927,-7.452],[-73.941,-7.41],[-73.958,-7.378],[-73.934,-7.352],[-73.909,-7.378],[-73.863,-7.374],[-73.843,-7.344],[-73.796,-7.342],[-73.747,-7.344],[-73.717,-7.328],[-73.699,-7.299],[-73.715,-7.267],[-73.724,-7.221],[-73.753,-7.201],[-73.766,-7.163],[-73.796,-7.133],[-73.753,-7.137],[-73.608,-7.202]]]]}},{"type":"Feature","properties":{"name":"Alagoas"},"geometry":{"type":"MultiPolygon","coordinates":[[[[-35.465,-8.825],[-35.416,-8.838],[-35.35,-8.86],[-35.311,-8.87],[-35.252,-8.887],[-35.209,-8.891],[-35.155,-8.902],[-35.168,-8.936],[-35.182,-8.978],[-35.21,-9.001],[-35.229,-9.035],[-35.244,-9.076],[-35.267,-9.112],[-35.285,-9.147],[-35.3,-9.182],[-35.323,-9.206],[-35.343,-9.23],[-35.366,-9.269],[-35.389,-9.291],[-35.415,-9.312],[-35.44,-9.339],[-35.472,-9.356],[-35.493,-9.386],[-35.51,-9.433],[-35.535,-9.458],[-35.556,-9.482],[-35.58,-9.505],[-35.602,-9.531],[-35.63,-9.552],[-35.658,-9.58],[-35.684,-9.61],[-35.699,-9.648],[-35.719,-9.679],[-35.761,-9.683],[-35.788,-9.711],[-35.812,-9.732],[-35.834,-9.763],[-35.855,-9.788],[-35.875,-9.818],[-35.897,-9.857],[-35.934,-9.899],[-35.962,-9.941],[-35.986,-9.98],[-36.005,-10.006],[-36.03,-10.049],[-36.058,-10.085],[-36.099,-10.111],[-36.12,-10.136],[-36.149,-10.157],[-36.176,-10.18],[-36.198,-10.205],[-36.232,-10.236],[-36.258,-10.261],[-36.292,-10.3],[-36.302,-10.342],[-36.328,-10.393],[-36.351,-10.433],[-36.371,-10.471],[-36.391,-10.501],[-36.42,-10.445],[-36.456,-10.407],[-36.488,-10.423],[-36.538,-10.422],[-36.56,-10.393],[-36.566,-10.332],[-36.589,-10.301],[-36.611,-10.271],[-36.643,-10.252],[-36.681,-10.271],[-36.72,-10.264],[-36.753,-10.248],[-36.776,-10.225],[-36.833,-10.204],[-36.85,-10.162],[-36.881,-10.145],[-36.921,-10.127],[-36.941,-10.095],[-36.959,-10.047],[-36.964,-10.0],[-36.992,-9.977],[-37.037,-9.989],[-37.075,-9.966],[-37.133,-9.914],[-37.196,-9.898],[-37.237,-9.894],[-37.264,-9.85],[-37.297,-9.827],[-37.345,-9.797],[-37.397,-9.777],[-37.466,-9.749],[-37.548,-9.741],[-37.656,-9.683],[-37.687,-9.644],[-37.744,-9.626],[-37.778,-9.638],[-37.807,-9.61],[-37.837,-9.583],[-37.886,-9.55],[-37.96,-9.533],[-37.998,-9.519],[-38.009,-9.48],[-38.043,-9.468],[-38.071,-9.446],[-38.108,-9.435],[-38.155,-9.443],[-38.187,-9.423],[-38.2,-9.379],[-38.222,-9.345],[-38.203,-9.296],[-38.158,-9.264],[-38.144,-9.218],[-38.102,-9.18],[-38.053,-9.168],[-38.011,-9.156],[-37.976,-9.138],[-37.955,-9.108],[-37.907,-9.052],[-37.875,-9.024],[-37.852,-8.997],[-37.834,-8.96],[-37.825,-8.919],[-37.808,-8.884],[-37.781,-8.865],[-37.746,-8.883],[-37.725,-8.908],[-37.705,-8.938],[-37.684,-8.967],[-37.66,-8.994],[-37.621,-9.011],[-37.6,-8.976],[-37.556,-8.969],[-37.51,-8.967],[-37.493,-9.0],[-37.469,-9.027],[-37.424,-9.038],[-37.336,-9.081],[-37.311,-9.104],[-37.282,-9.149],[-37.243,-9.186],[-37.232,-9.222],[-37.159,-9.239],[-37.142,-9.268],[-37.116,-9.241],[-37.057,-9.281],[-37.045,-9.315],[-37.003,-9.352],[-36.952,-9.382],[-36.929,-9.345],[-36.915,-9.299],[-36.877,-9.278],[-36.839,-9.288],[-36.797,-9.293],[-36.758,-9.271],[-36.693,-9.275],[-36.663,-9.304],[-36.635,-9.321],[-36.604,-9.34],[-36.567,-9.331],[-36.503,-9.271],[-36.487,-9.241],[-36.454,-9.226],[-36.409,-9.223],[-36.358,-9.218],[-36.327,-9.2],[-36.309,-9.172],[-36.26,-9.17],[-36.263,-9.126],[-36.243,-9.1],[-36.221,-9.073],[-36.197,-9.049],[-36.154,-9.04],[-36.111,-9.017],[-36.126,-8.981],[-36.086,-8.944],[-36.063,-8.915],[-36.012,-8.912],[-35.974,-8.901],[-35.942,-8.885],[-35.911,-8.861],[-35.861,-8.858],[-35.825,-8.87],[-35.795,-8.848],[-35.783,-8.882],[-35.761,-8.908],[-35.713,-8.904],[-35.67,-8.895],[-35.63,-8.879],[-35.596,-8.861],[-35.568,-8.842],[-35.54,-8.821],[-35.495,-8.828],[-35.465,-8.825]]]]}},{"type":"Feature","properties":{"name":"Amazonas"},"geometry":{"type":"MultiPolygon","coordinates":[[[[-67.326,2.03],[-67.313,1.979],[-67.3,1.927],[-67.286,1.889],[-67.259,1.867],[-67.215,1.86],[-67.156,1.849],[-67.123,1.799],[-67.097,1.733],[-67.099,1.682],[-67.083,1.648],[-67.08,1.606],[-67.079,1.545],[-67.078,1.5],[-67.072,1.443],[-67.08,1.402],[-67.088,1.325],[-67.088,1.281],[-67.087,1.232],[-67.085,1.184],[-66.856,1.231],[-66.599,1.0],[-66.318,0.755],[-66.213,0.782],[-66.182,0.768],[-66.151,0.745],[-66.118,0.758],[-66.076,0.769],[-66.055,0.803],[-66.0,0.803],[-65.964,0.82],[-65.945,0.853],[-65.925,0.892],[-65.881,0.904],[-65.861,0.93],[-65.822,0.947],[-65.788,0.961],[-65.76,0.981],[-65.73,1.001],[-65.688,0.998],[-65.652,1.012],[-65.624,0.99],[-65.592,1.003],[-65.561,0.986],[-65.537,0.961],[-65.521,0.93],[-65.512,0.886],[-65.501,0.848],[-65.524,0.825],[-65.544,0.784],[-65.573,0.765],[-65.591,0.722],[-65.569,0.693],[-65.553,0.659],[-65.512,0.67],[-65.48,0.687],[-65.438,0.7],[-65.421,0.733],[-65.395,0.759],[-65.406,0.806],[-65.392,0.84],[-65.366,0.868],[-65.343,0.894],[-65.329,0.932],[-65.277,0.939],[-65.241,0.922],[-65.207,0.907],[-65.176,0.932],[-65.163,0.966],[-65.149,1.002],[-65.156,1.047],[-65.151,1.099],[-65.129,1.132],[-65.103,1.157],[-65.061,1.136],[-65.022,1.115],[-64.991,1.151],[-64.96,1.19],[-64.951,1.232],[-64.909,1.235],[-64.868,1.241],[-64.852,1.275],[-64.825,1.295],[-64.789,1.286],[-64.776,1.253],[-64.757,1.227],[-64.722,1.239],[-64.704,1.276],[-64.669,1.292],[-64.64,1.312],[-64.611,1.336],[-64.575,1.354],[-64.567,1.394],[-64.54,1.421],[-64.512,1.44],[-64.484,1.458],[-64.453,1.481],[-64.421,1.494],[-64.402,1.521],[-64.351,1.519],[-64.371,1.473],[-64.384,1.44],[-64.397,1.402],[-64.359,1.39],[-64.337,1.364],[-64.325,1.402],[-64.317,1.441],[-64.287,1.475],[-64.263,1.496],[-64.223,1.508],[-64.194,1.525],[-64.18,1.558],[-64.152,1.579],[-64.112,1.591],[-64.089,1.633],[-64.065,1.676],[-64.069,1.718],[-64.077,1.759],[-64.062,1.79],[-64.055,1.834],[-64.066,1.869],[-64.06,1.914],[-64.041,1.943],[-64.011,1.963],[-63.975,1.992],[-63.93,1.986],[-63.887,1.983],[-63.849,1.972],[-63.814,1.99],[-63.773,1.995],[-63.742,2.009],[-63.717,2.035],[-63.674,2.022],[-63.664,2.058],[-63.634,2.077],[-63.617,2.107],[-63.568,2.125],[-63.515,2.122],[-63.475,2.127],[-63.428,2.134],[-63.393,2.157],[-63.386,2.203],[-63.31,2.165],[-63.272,2.156],[-63.194,2.182],[-63.141,2.173],[-63.119,2.097],[-63.098,2.073],[-63.07,2.04],[-63.023,2.015],[-62.98,2.018],[-62.948,2.031],[-62.838,2.017],[-62.813,1.992],[-62.742,1.967],[-62.713,1.948],[-62.698,1.912],[-62.731,1.819],[-62.723,1.713],[-62.755,1.677],[-62.796,1.631],[-62.804,1.591],[-62.764,1.556],[-62.736,1.53],[-62.725,1.494],[-62.698,1.476],[-62.644,1.441],[-62.62,1.404],[-62.615,1.358],[-62.586,1.256],[-62.554,1.175],[-62.546,1.125],[-62.529,1.089],[-62.48,1.089],[-62.476,1.045],[-62.461,0.995],[-62.442,0.96],[-62.462,0.926],[-62.486,0.867],[-62.468,0.832],[-62.457,0.786],[-62.5,0.748],[-62.528,0.711],[-62.518,0.584],[-62.527,0.547],[-62.527,0.498],[-62.518,0.444],[-62.467,0.426],[-62.456,0.393],[-62.463,0.343],[-62.468,0.276],[-62.454,0.244],[-62.445,0.201],[-62.423,0.145],[-62.424,0.092],[-62.39,0.06],[-62.362,0.043],[-62.322,-0.024],[-62.332,-0.06],[-62.318,-0.093],[-62.299,-0.122],[-62.268,-0.164],[-62.246,-0.19],[-62.253,-0.236],[-62.245,-0.294],[-62.188,-0.33],[-62.2,-0.367],[-62.217,-0.399],[-62.234,-0.429],[-62.273,-0.454],[-62.29,-0.484],[-62.309,-0.514],[-62.318,-0.552],[-62.304,-0.586],[-62.294,-0.622],[-62.309,-0.661],[-62.341,-0.676],[-62.369,-0.695],[-62.392,-0.719],[-62.423,-0.701],[-62.463,-0.688],[-62.495,-0.704],[-62.494,-0.75],[-62.48,-0.795],[-62.448,-0.81],[-62.395,-0.82],[-62.373,-0.848],[-62.346,-0.892],[-62.317,-0.914],[-62.298,-0.941],[-62.265,-0.964],[-62.227,-0.973],[-62.199,-1.0],[-62.168,-1.014],[-62.142,-1.037],[-62.111,-1.06],[-62.099,-1.096],[-62.039,-1.118],[-62.017,-1.141],[-61.989,-1.201],[-61.973,-1.234],[-61.956,-1.266],[-61.92,-1.331],[-61.906,-1.367],[-61.869,-1.401],[-61.822,-1.4],[-61.79,-1.379],[-61.74,-1.392],[-61.657,-1.43],[-61.604,-1.448],[-61.572,-1.478],[-61.544,-1.525],[-61.491,-1.574],[-61.47,-1.546],[-61.516,-1.502],[-61.532,-1.465],[-61.547,-1.429],[-61.581,-1.409],[-61.619,-1.394],[-61.599,-1.367],[-61.601,-1.32],[-61.628,-1.301],[-61.607,-1.258],[-61.595,-1.223],[-61.582,-1.189],[-61.574,-1.146],[-61.566,-1.099],[-61.546,-1.071],[-61.547,-1.023],[-61.56,-0.988],[-61.579,-0.956],[-61.578,-0.91],[-61.558,-0.872],[-61.552,-0.811],[-61.538,-0.756],[-61.483,-0.717],[-61.464,-0.664],[-61.426,-0.653],[-61.398,-0.624],[-61.366,-0.607],[-61.326,-0.598],[-61.298,-0.576],[-61.231,-0.564],[-61.216,-0.533],[-61.198,-0.506],[-61.157,-0.515],[-61.129,-0.497],[-61.063,-0.513],[-61.046,-0.546],[-61.008,-0.554],[-60.958,-0.56],[-60.912,-0.581],[-60.908,-0.624],[-60.882,-0.649],[-60.847,-0.664],[-60.812,-0.692],[-60.794,-0.721],[-60.777,-0.756],[-60.766,-0.793],[-60.756,-0.837],[-60.729,-0.86],[-60.675,-0.873],[-60.633,-0.868],[-60.592,-0.863],[-60.55,-0.869],[-60.504,-0.849],[-60.493,-0.812],[-60.479,-0.771],[-60.434,-0.772],[-60.401,-0.757],[-60.353,-0.742],[-60.317,-0.723],[-60.307,-0.687],[-60.313,-0.641],[-60.345,-0.624],[-60.365,-0.597],[-60.382,-0.557],[-60.399,-0.51],[-60.383,-0.479],[-60.344,-0.44],[-60.336,-0.385],[-60.317,-0.358],[-60.302,-0.328],[-60.289,-0.293],[-60.299,-0.256],[-60.293,-0.205],[-60.264,-0.189],[-60.232,-0.146],[-60.228,-0.101],[-60.206,-0.061],[-60.181,-0.01],[-60.16,0.017],[-60.141,0.043],[-60.123,0.081],[-60.12,0.124],[-60.086,0.143],[-60.059,0.163],[-60.046,0.232],[-59.433,0.264],[-59.192,0.264],[-58.895,0.264],[-58.895,-0.011],[-58.886,-0.055],[-58.863,-0.078],[-58.866,-0.137],[-58.881,-0.196],[-58.871,-0.261],[-58.872,-0.343],[-58.846,-0.365],[-58.807,-0.38],[-58.773,-0.4],[-58.744,-0.417],[-58.735,-0.471],[-58.719,-0.505],[-58.71,-0.542],[-58.732,-0.577],[-58.731,-0.627],[-58.707,-0.657],[-58.688,-0.685],[-58.664,-0.713],[-58.62,-0.744],[-58.592,-0.765],[-58.567,-0.792],[-58.52,-0.828],[-58.493,-0.846],[-58.468,-0.873],[-58.433,-0.892],[-58.45,-0.926],[-58.429,-0.952],[-58.41,-0.981],[-58.423,-1.017],[-58.399,-1.044],[-58.368,-1.066],[-58.361,-1.105],[-58.32,-1.134],[-58.273,-1.139],[-58.243,-1.156],[-58.194,-1.199],[-58.162,-1.229],[-58.127,-1.19],[-58.105,-1.162],[-58.084,-1.137],[-58.042,-1.103],[-58.009,-1.119],[-57.979,-1.154],[-57.972,-1.199],[-57.99,-1.292],[-58.0,-1.33],[-57.981,-1.356],[-57.955,-1.383],[-57.92,-1.403],[-57.894,-1.433],[-57.846,-1.429],[-57.821,-1.45],[-57.797,-1.485],[-57.773,-1.508],[-57.721,-1.507],[-57.708,-1.541],[-57.694,-1.576],[-57.653,-1.588],[-57.611,-1.583],[-57.564,-1.605],[-57.525,-1.626],[-57.501,-1.652],[-57.475,-1.678],[-57.438,-1.666],[-57.403,-1.681],[-57.392,-1.723],[-57.352,-1.733],[-57.305,-1.73],[-57.274,-1.709],[-57.23,-1.726],[-57.187,-1.722],[-57.163,-1.754],[-57.115,-1.791],[-57.079,-1.801],[-57.068,-1.852],[-57.048,-1.882],[-57.031,-1.913],[-56.988,-1.907],[-56.966,-1.935],[-56.929,-1.965],[-56.876,-1.992],[-56.844,-2.02],[-56.793,-2.021],[-56.757,-2.01],[-56.726,-2.031],[-56.732,-2.091],[-56.769,-2.14],[-56.751,-2.176],[-56.707,-2.184],[-56.679,-2.212],[-56.635,-2.203],[-56.604,-2.189],[-56.569,-2.174],[-56.54,-2.153],[-56.477,-2.17],[-56.444,-2.154],[-56.413,-2.176],[-56.386,-2.15],[-56.325,-2.145],[-56.299,-2.119],[-56.28,-2.093],[-56.228,-2.056],[-56.186,-2.042],[-56.145,-2.039],[-56.098,-2.027],[-56.141,-2.1],[-56.169,-2.145],[-56.191,-2.171],[-56.22,-2.196],[-56.263,-2.221],[-56.331,-2.251],[-56.384,-2.27],[-56.412,-2.321],[-56.422,-2.362],[-56.465,-2.423],[-56.437,-2.44],[-56.402,-2.456],[-56.433,-2.516],[-56.487,-2.633],[-56.767,-3.243],[-56.809,-3.333],[-56.887,-3.499],[-56.913,-3.562],[-56.94,-3.622],[-56.956,-3.658],[-57.018,-3.798],[-57.548,-4.921],[-57.861,-5.601],[-58.152,-6.23],[-58.262,-6.469],[-58.293,-6.494],[-58.327,-6.509],[-58.339,-6.548],[-58.37,-6.574],[-58.427,-6.616],[-58.449,-6.653],[-58.478,-6.699],[-58.481,-6.781],[-58.462,-6.837],[-58.434,-6.908],[-58.406,-6.94],[-58.386,-6.965],[-58.338,-6.984],[-58.288,-7.061],[-58.258,-7.082],[-58.229,-7.109],[-58.209,-7.134],[-58.183,-7.178],[-58.168,-7.231],[-58.174,-7.271],[-58.169,-7.313],[-58.146,-7.343],[-58.173,-7.394],[-58.212,-7.458],[-58.222,-7.524],[-58.202,-7.596],[-58.231,-7.646],[-58.253,-7.678],[-58.277,-7.703],[-58.284,-7.748],[-58.333,-7.804],[-58.371,-7.821],[-58.374,-7.864],[-58.355,-7.944],[-58.331,-7.968],[-58.325,-8.009],[-58.291,-8.074],[-58.286,-8.128],[-58.317,-8.154],[-58.312,-8.209],[-58.321,-8.253],[-58.325,-8.294],[-58.332,-8.337],[-58.348,-8.369],[-58.376,-8.429],[-58.398,-8.464],[-58.417,-8.492],[-58.405,-8.53],[-58.41,-8.57],[-58.391,-8.603],[-58.409,-8.637],[-58.437,-8.703],[-58.381,-8.705],[-58.328,-8.712],[-58.354,-8.737],[-58.395,-8.78],[-58.437,-8.795],[-58.5,-8.802],[-59.127,-8.803],[-59.704,-8.801],[-59.856,-8.8],[-60.408,-8.796],[-60.747,-8.797],[-60.848,-8.798],[-61.184,-8.798],[-61.58,-8.798],[-61.623,-8.758],[-61.638,-8.721],[-61.673,-8.705],[-61.713,-8.687],[-61.744,-8.702],[-61.763,-8.728],[-61.806,-8.747],[-61.836,-8.732],[-61.843,-8.779],[-61.858,-8.813],[-61.869,-8.857],[-61.904,-8.869],[-61.938,-8.881],[-61.979,-8.873],[-61.998,-8.84],[-62.031,-8.799],[-62.086,-8.803],[-62.154,-8.739],[-62.167,-8.703],[-62.179,-8.66],[-62.188,-8.59],[-62.242,-8.58],[-62.289,-8.589],[-62.279,-8.629],[-62.335,-8.609],[-62.325,-8.563],[-62.335,-8.522],[-62.366,-8.493],[-62.369,-8.446],[-62.359,-8.407],[-62.379,-8.381],[-62.432,-8.372],[-62.465,-8.339],[-62.493,-8.362],[-62.518,-8.384],[-62.539,-8.358],[-62.555,-8.327],[-62.561,-8.284],[-62.6,-8.272],[-62.649,-8.237],[-62.659,-8.199],[-62.686,-8.173],[-62.674,-8.137],[-62.69,-8.101],[-62.743,-8.045],[-62.786,-8.026],[-62.82,-8.014],[-62.845,-7.986],[-63.5,-7.976],[-63.552,-7.973],[-63.62,-7.969],[-63.626,-8.016],[-63.65,-8.066],[-63.662,-8.101],[-63.693,-8.158],[-63.73,-8.18],[-63.748,-8.207],[-63.722,-8.249],[-63.753,-8.28],[-63.773,-8.32],[-63.825,-8.306],[-63.87,-8.288],[-63.902,-8.319],[-63.944,-8.331],[-63.945,-8.387],[-63.976,-8.409],[-63.939,-8.441],[-63.958,-8.466],[-63.966,-8.505],[-63.944,-8.538],[-63.924,-8.575],[-63.945,-8.609],[-63.972,-8.582],[-63.99,-8.613],[-64.008,-8.644],[-64.035,-8.693],[-64.065,-8.711],[-64.094,-8.728],[-64.143,-8.743],[-64.129,-8.805],[-64.155,-8.835],[-64.15,-8.885],[-64.141,-8.945],[-64.175,-8.96],[-64.233,-8.992],[-64.297,-8.996],[-64.314,-8.954],[-64.379,-8.946],[-64.433,-8.968],[-64.483,-8.976],[-64.533,-8.976],[-64.568,-8.991],[-64.611,-9.016],[-64.655,-9.008],[-64.693,-8.99],[-64.724,-9.006],[-64.761,-9.02],[-64.787,-8.988],[-64.839,-8.994],[-64.87,-9.012],[-64.894,-9.043],[-64.915,-9.074],[-64.933,-9.12],[-64.929,-9.177],[-64.919,-9.22],[-64.936,-9.255],[-64.962,-9.292],[-65.0,-9.304],[-65.018,-9.345],[-65.035,-9.374],[-65.053,-9.402],[-65.092,-9.409],[-65.116,-9.434],[-65.17,-9.429],[-65.173,-9.385],[-65.192,-9.356],[-65.208,-9.309],[-65.246,-9.257],[-65.284,-9.27],[-65.318,-9.296],[-65.346,-9.316],[-65.379,-9.332],[-65.44,-9.311],[-65.446,-9.358],[-65.456,-9.401],[-65.432,-9.458],[-65.472,-9.466],[-65.506,-9.447],[-65.555,-9.422],[-65.592,-9.413],[-65.627,-9.428],[-65.657,-9.449],[-65.68,-9.485],[-65.702,-9.519],[-65.723,-9.559],[-65.761,-9.567],[-65.791,-9.585],[-65.818,-9.562],[-65.837,-9.533],[-65.86,-9.51],[-65.898,-9.489],[-65.926,-9.462],[-65.951,-9.436],[-65.98,-9.413],[-66.034,-9.4],[-66.101,-9.414],[-66.154,-9.42],[-66.198,-9.427],[-66.243,-9.429],[-66.29,-9.412],[-66.314,-9.433],[-66.353,-9.416],[-66.408,-9.407],[-66.393,-9.446],[-66.392,-9.5],[-66.423,-9.525],[-66.467,-9.582],[-66.495,-9.601],[-66.516,-9.637],[-66.551,-9.657],[-66.586,-9.673],[-66.624,-9.68],[-66.685,-9.714],[-66.701,-9.743],[-66.75,-9.759],[-66.78,-9.791],[-66.806,-9.814],[-67.105,-9.688],[-67.328,-9.594],[-67.496,-9.524],[-67.94,-9.337],[-68.188,-9.232],[-68.62,-9.048],[-68.728,-9.0],[-68.784,-8.972],[-68.989,-8.866],[-69.178,-8.768],[-69.435,-8.641],[-69.553,-8.578],[-69.761,-8.466],[-70.369,-8.141],[-70.575,-8.096],[-70.937,-8.019],[-71.241,-7.95],[-71.512,-7.887],[-72.005,-7.774],[-72.173,-7.723],[-72.659,-7.625],[-72.87,-7.529],[-73.608,-7.202],[-73.742,-7.143],[-73.796,-7.115],[-73.777,-7.085],[-73.745,-7.05],[-73.725,-7.022],[-73.737,-6.981],[-73.753,-6.941],[-73.74,-6.909],[-73.717,-6.874],[-73.706,-6.839],[-73.681,-6.818],[-73.66,-6.792],[-73.645,-6.761],[-73.618,-6.741],[-73.585,-6.725],[-73.552,-6.706],[-73.525,-6.684],[-73.489,-6.671],[-73.443,-6.657],[-73.406,-6.642],[-73.381,-6.617],[-73.356,-6.594],[-73.312,-6.592],[-73.271,-6.586],[-73.234,-6.578],[-73.202,-6.564],[-73.184,-6.536],[-73.152,-6.519],[-73.138,-6.483],[-73.122,-6.453],[-73.109,-6.409],[-73.134,-6.387],[-73.145,-6.352],[-73.163,-6.317],[-73.167,-6.274],[-73.195,-6.247],[-73.22,-6.221],[-73.222,-6.178],[-73.249,-6.144],[-73.244,-6.099],[-73.236,-6.05],[-73.218,-6.02],[-73.19,-5.999],[-73.18,-5.962],[-73.175,-5.919],[-73.156,-5.882],[-73.132,-5.856],[-73.111,-5.824],[-73.08,-5.805],[-73.056,-5.779],[-73.036,-5.749],[-73.009,-5.724],[-72.992,-5.695],[-72.979,-5.659],[-72.973,-5.607],[-72.955,-5.578],[-72.96,-5.523],[-72.957,-5.464],[-72.94,-5.433],[-72.92,-5.39],[-72.905,-5.356],[-72.886,-5.322],[-72.87,-5.289],[-72.868,-5.246],[-72.874,-5.206],[-72.885,-5.166],[-72.856,-5.143],[-72.816,-5.123],[-72.78,-5.103],[-72.753,-5.083],[-72.726,-5.064],[-72.68,-5.055],[-72.63,-5.051],[-72.609,-5.016],[-72.587,-4.985],[-72.553,-4.962],[-72.524,-4.945],[-72.482,-4.952],[-72.458,-4.925],[-72.43,-4.902],[-72.399,-4.875],[-72.382,-4.844],[-72.371,-4.807],[-72.325,-4.796],[-72.3,-4.776],[-72.272,-4.795],[-72.255,-4.766],[-72.214,-4.756],[-72.17,-4.735],[-72.141,-4.714],[-72.1,-4.702],[-72.077,-4.679],[-72.056,-4.652],[-72.039,-4.623],[-72.006,-4.641],[-71.981,-4.617],[-71.946,-4.604],[-71.93,-4.571],[-71.912,-4.539],[-71.883,-4.516],[-71.839,-4.505],[-71.806,-4.494],[-71.762,-4.503],[-71.715,-4.511],[-71.676,-4.504],[-71.637,-4.496],[-71.614,-4.533],[-71.57,-4.507],[-71.549,-4.482],[-71.503,-4.487],[-71.509,-4.448],[-71.46,-4.439],[-71.43,-4.466],[-71.404,-4.441],[-71.359,-4.433],[-71.32,-4.444],[-71.272,-4.434],[-71.278,-4.387],[-71.23,-4.387],[-71.201,-4.425],[-71.185,-4.392],[-71.138,-4.386],[-71.1,-4.377],[-71.059,-4.386],[-71.016,-4.383],[-70.99,-4.361],[-70.952,-4.379],[-70.925,-4.361],[-70.899,-4.324],[-70.879,-4.292],[-70.866,-4.26],[-70.831,-4.242],[-70.825,-4.202],[-70.797,-4.185],[-70.767,-4.161],[-70.736,-4.178],[-70.701,-4.188],[-70.672,-4.167],[-70.654,-4.137],[-70.639,-4.179],[-70.594,-4.182],[-70.561,-4.161],[-70.534,-4.139],[-70.51,-4.164],[-70.473,-4.177],[-70.437,-4.158],[-70.396,-4.142],[-70.367,-4.16],[-70.34,-4.186],[-70.326,-4.146],[-70.299,-4.166],[-70.285,-4.234],[-70.316,-4.259],[-70.289,-4.282],[-70.257,-4.295],[-70.234,-4.323],[-70.206,-4.349],[-70.17,-4.34],[-70.158,-4.284],[-70.113,-4.283],[-70.071,-4.296],[-70.05,-4.334],[-70.003,-4.333],[-69.968,-4.307],[-69.955,-4.271],[-69.951,-4.227],[-69.895,-4.0],[-69.839,-3.696],[-69.831,-3.649],[-69.823,-3.611],[-69.816,-3.57],[-69.796,-3.46],[-69.78,-3.374],[-69.769,-3.314],[-69.75,-3.21],[-69.725,-3.076],[-69.711,-3.0],[-69.697,-2.921],[-69.613,-2.44],[-69.605,-2.393],[-69.596,-2.345],[-69.586,-2.291],[-69.576,-2.233],[-69.563,-2.162],[-69.554,-2.113],[-69.543,-2.053],[-69.533,-2.0],[-69.518,-1.909],[-69.484,-1.711],[-69.453,-1.531],[-69.45,-1.479],[-69.435,-1.446],[-69.434,-1.398],[-69.408,-1.373],[-69.408,-1.293],[-69.425,-1.257],[-69.425,-1.21],[-69.414,-1.173],[-69.395,-1.132],[-69.425,-1.083],[-69.433,-1.039],[-69.421,-1.0],[-69.464,-0.984],[-69.479,-0.954],[-69.507,-0.932],[-69.525,-0.904],[-69.538,-0.862],[-69.573,-0.842],[-69.582,-0.801],[-69.612,-0.77],[-69.622,-0.732],[-69.602,-0.706],[-69.583,-0.674],[-69.564,-0.639],[-69.594,-0.606],[-69.6,-0.556],[-69.612,-0.521],[-69.635,-0.498],[-69.662,-0.474],[-69.698,-0.46],[-69.733,-0.446],[-69.754,-0.42],[-69.78,-0.4],[-69.808,-0.384],[-69.835,-0.361],[-69.87,-0.346],[-69.91,-0.339],[-69.933,-0.316],[-69.954,-0.291],[-69.976,-0.266],[-69.997,-0.234],[-70.03,-0.209],[-70.057,-0.186],[-70.048,-0.145],[-70.042,-0.105],[-70.044,-0.058],[-70.046,0.069],[-70.043,0.559],[-70.015,0.54],[-69.991,0.561],[-69.949,0.556],[-69.914,0.585],[-69.869,0.581],[-69.831,0.59],[-69.787,0.593],[-69.75,0.622],[-69.718,0.637],[-69.691,0.656],[-69.656,0.666],[-69.634,0.637],[-69.59,0.649],[-69.566,0.673],[-69.531,0.693],[-69.506,0.72],[-69.469,0.735],[-69.437,0.71],[-69.409,0.676],[-69.392,0.648],[-69.367,0.626],[-69.328,0.635],[-69.287,0.647],[-69.297,0.604],[-69.251,0.606],[-69.203,0.606],[-69.193,0.652],[-69.145,0.645],[-69.131,0.678],[-69.148,0.707],[-69.18,0.725],[-69.172,0.763],[-69.144,0.783],[-69.159,0.818],[-69.142,0.853],[-69.153,0.888],[-69.185,0.903],[-69.178,0.942],[-69.196,0.969],[-69.205,1.011],[-69.238,1.042],[-69.265,1.065],[-69.306,1.071],[-69.33,1.096],[-69.379,1.096],[-69.403,1.065],[-69.437,1.081],[-69.482,1.087],[-69.531,1.08],[-69.587,1.089],[-69.621,1.103],[-69.659,1.092],[-69.698,1.084],[-69.71,1.127],[-69.754,1.119],[-69.784,1.102],[-69.802,1.074],[-69.84,1.083],[-69.844,1.5],[-69.844,1.576],[-69.842,1.721],[-69.804,1.71],[-69.772,1.724],[-69.742,1.743],[-69.683,1.747],[-69.636,1.738],[-69.602,1.765],[-69.567,1.778],[-69.519,1.78],[-69.486,1.762],[-69.44,1.761],[-69.399,1.739],[-69.178,1.734],[-69.104,1.734],[-68.999,1.733],[-68.503,1.733],[-68.156,1.732],[-68.175,1.762],[-68.202,1.787],[-68.236,1.773],[-68.233,1.822],[-68.266,1.846],[-68.253,1.879],[-68.243,1.927],[-68.217,1.953],[-68.188,1.972],[-68.143,1.984],[-68.118,1.956],[-68.098,1.925],[-68.065,1.898],[-68.024,1.886],[-68.003,1.861],[-67.973,1.833],[-67.923,1.844],[-67.909,1.881],[-67.882,1.903],[-67.855,1.925],[-67.834,1.95],[-67.813,1.976],[-67.779,2.031],[-67.724,2.035],[-67.687,2.023],[-67.642,2.021],[-67.606,2.036],[-67.585,2.086],[-67.557,2.107],[-67.545,2.149],[-67.499,2.182],[-67.462,2.201],[-67.44,2.228],[-67.407,2.247],[-67.364,2.231],[-67.343,2.206],[-67.34,2.153],[-67.336,2.099],[-67.329,2.062],[-67.326,2.03]]]]}},{"type":"Feature","properties":{"name":"Amap\u00e1"},"geometry":{"type":"MultiPolygon","coordinates":[[[[-51.182,4.009],[-51.176,3.967],[-51.159,3.932],[-51.128,3.914],[-51.082,3.899],[-51.074,3.856],[-51.079,3.813],[-51.084,3.773],[-51.087,3.728],[-51.09,3.68],[-51.082,3.633],[-51.078,3.582],[-51.071,3.502],[-51.079,3.46],[-51.088,3.409],[-51.078,3.365],[-51.065,3.331],[-51.052,3.293],[-51.038,3.255],[-51.022,3.208],[-51.034,3.175],[-51.027,3.117],[-51.006,3.08],[-51.006,3.033],[-50.988,3.004],[-50.981,2.937],[-50.962,2.906],[-50.942,2.855],[-50.941,2.809],[-50.902,2.795],[-50.895,2.754],[-50.882,2.712],[-50.868,2.68],[-50.85,2.645],[-50.841,2.602],[-50.831,2.533],[-50.852,2.504],[-50.808,2.509],[-50.784,2.488],[-50.768,2.458],[-50.77,2.412],[-50.757,2.379],[-50.744,2.345],[-50.737,2.306],[-50.722,2.273],[-50.712,2.235],[-50.693,2.209],[-50.682,2.173],[-50.702,2.144],[-50.579,2.189],[-50.532,2.205],[-50.484,2.203],[-50.445,2.196],[-50.419,2.174],[-50.392,2.134],[-50.372,2.101],[-50.349,2.078],[-50.337,2.036],[-50.317,2.008],[-50.306,1.971],[-50.273,1.888],[-50.238,1.804],[-50.195,1.81],[-50.146,1.806],[-50.105,1.792],[-50.056,1.775],[-49.921,1.704],[-49.908,1.67],[-49.897,1.632],[-49.893,1.59],[-49.889,1.541],[-49.88,1.499],[-49.876,1.451],[-49.884,1.402],[-49.89,1.356],[-49.902,1.317],[-49.906,1.274],[-49.899,1.232],[-49.895,1.191],[-49.912,1.156],[-49.931,1.121],[-49.949,1.04],[-49.94,0.994],[-49.966,0.963],[-49.995,0.928],[-50.012,0.892],[-50.037,0.86],[-50.061,0.826],[-50.077,0.791],[-50.093,0.702],[-50.157,0.705],[-50.314,0.678],[-50.409,0.624],[-50.436,0.6],[-50.467,0.531],[-50.476,0.482],[-50.504,0.435],[-50.523,0.373],[-50.556,0.307],[-50.579,0.27],[-50.623,0.232],[-50.668,0.185],[-50.743,0.131],[-50.784,0.112],[-50.921,0.076],[-50.974,0.042],[-50.996,0.004],[-51.065,-0.076],[-51.104,-0.092],[-51.174,-0.104],[-51.216,-0.118],[-51.265,-0.195],[-51.289,-0.228],[-51.327,-0.268],[-51.347,-0.299],[-51.362,-0.368],[-51.403,-0.414],[-51.432,-0.473],[-51.457,-0.513],[-51.486,-0.545],[-51.515,-0.566],[-51.571,-0.623],[-51.595,-0.65],[-51.665,-0.762],[-51.681,-0.791],[-51.69,-0.892],[-51.691,-0.981],[-51.687,-1.036],[-51.704,-1.067],[-51.779,-1.137],[-51.809,-1.157],[-51.887,-1.166],[-51.925,-1.132],[-51.946,-1.166],[-51.961,-1.134],[-51.987,-1.157],[-52.04,-1.17],[-52.056,-1.201],[-52.07,-1.236],[-52.11,-1.216],[-52.116,-1.15],[-52.156,-1.139],[-52.207,-1.133],[-52.273,-1.128],[-52.333,-1.116],[-52.352,-1.069],[-52.383,-1.054],[-52.427,-1.05],[-52.414,-1.009],[-52.419,-0.966],[-52.439,-0.935],[-52.404,-0.913],[-52.419,-0.854],[-52.444,-0.834],[-52.496,-0.849],[-52.538,-0.854],[-52.516,-0.82],[-52.518,-0.775],[-52.501,-0.746],[-52.501,-0.692],[-52.511,-0.657],[-52.523,-0.589],[-52.57,-0.576],[-52.613,-0.595],[-52.667,-0.544],[-52.695,-0.496],[-52.679,-0.423],[-52.698,-0.387],[-52.681,-0.34],[-52.69,-0.303],[-52.74,-0.276],[-52.76,-0.237],[-52.836,-0.186],[-52.851,-0.15],[-52.897,-0.154],[-52.931,-0.142],[-52.945,-0.106],[-52.96,-0.063],[-52.976,-0.007],[-52.985,0.036],[-53.014,0.06],[-53.025,0.103],[-53.039,0.136],[-53.07,0.17],[-53.094,0.196],[-53.106,0.232],[-53.111,0.287],[-53.135,0.313],[-53.148,0.349],[-53.175,0.382],[-53.159,0.421],[-53.155,0.48],[-53.162,0.523],[-53.152,0.559],[-53.147,0.601],[-53.12,0.634],[-53.109,0.672],[-53.133,0.695],[-53.154,0.725],[-53.184,0.748],[-53.202,0.776],[-53.241,0.802],[-53.274,0.825],[-53.294,0.853],[-53.329,0.874],[-53.358,0.892],[-53.411,0.93],[-53.41,0.982],[-53.429,1.02],[-53.435,1.06],[-53.455,1.111],[-53.444,1.152],[-53.399,1.159],[-53.411,1.199],[-53.426,1.243],[-53.473,1.24],[-53.525,1.212],[-53.523,1.262],[-53.552,1.281],[-53.533,1.323],[-53.563,1.35],[-53.633,1.348],[-53.64,1.393],[-53.666,1.373],[-53.711,1.384],[-53.695,1.418],[-53.731,1.396],[-53.783,1.403],[-53.815,1.422],[-53.85,1.392],[-53.887,1.408],[-53.896,1.455],[-53.935,1.436],[-53.954,1.468],[-53.997,1.476],[-54.009,1.52],[-54.055,1.494],[-54.089,1.514],[-54.098,1.551],[-54.111,1.588],[-54.133,1.617],[-54.156,1.643],[-54.187,1.628],[-54.219,1.657],[-54.248,1.683],[-54.274,1.711],[-54.305,1.73],[-54.344,1.741],[-54.377,1.764],[-54.417,1.757],[-54.464,1.759],[-54.501,1.751],[-54.537,1.771],[-54.57,1.785],[-54.611,1.78],[-54.651,1.772],[-54.698,1.774],[-54.744,1.776],[-54.734,1.832],[-54.753,1.872],[-54.765,1.908],[-54.758,1.957],[-54.769,1.997],[-54.794,2.017],[-54.806,2.053],[-54.813,2.101],[-54.806,2.139],[-54.781,2.167],[-54.763,2.203],[-54.794,2.241],[-54.809,2.287],[-54.805,2.33],[-54.827,2.362],[-54.866,2.403],[-54.797,2.439],[-54.743,2.472],[-54.684,2.447],[-54.69,2.377],[-54.662,2.327],[-54.601,2.338],[-54.436,2.21],[-54.189,2.179],[-54.0,2.23],[-53.967,2.242],[-53.936,2.261],[-53.922,2.293],[-53.888,2.304],[-53.859,2.32],[-53.816,2.318],[-53.809,2.358],[-53.773,2.374],[-53.739,2.362],[-53.746,2.322],[-53.707,2.308],[-53.663,2.305],[-53.638,2.283],[-53.594,2.281],[-53.561,2.267],[-53.509,2.262],[-53.458,2.261],[-53.433,2.288],[-53.402,2.303],[-53.367,2.321],[-53.353,2.353],[-53.316,2.34],[-53.294,2.308],[-53.264,2.291],[-53.234,2.276],[-53.253,2.247],[-53.275,2.224],[-53.272,2.179],[-53.246,2.201],[-53.199,2.2],[-53.16,2.208],[-53.117,2.213],[-53.066,2.201],[-53.04,2.174],[-53.001,2.167],[-52.955,2.165],[-52.936,2.192],[-52.897,2.202],[-52.881,2.236],[-52.858,2.259],[-52.839,2.287],[-52.801,2.298],[-52.77,2.314],[-52.737,2.332],[-52.704,2.353],[-52.675,2.372],[-52.66,2.405],[-52.641,2.438],[-52.607,2.451],[-52.586,2.485],[-52.565,2.513],[-52.555,2.553],[-52.527,2.577],[-52.552,2.607],[-52.547,2.649],[-52.524,2.676],[-52.507,2.706],[-52.487,2.745],[-52.48,2.784],[-52.462,2.817],[-52.447,2.85],[-52.426,2.887],[-52.392,2.9],[-52.391,2.945],[-52.373,2.984],[-52.365,3.021],[-52.346,3.051],[-52.328,3.081],[-52.347,3.108],[-52.34,3.15],[-52.32,3.176],[-52.304,3.212],[-52.28,3.238],[-52.237,3.245],[-52.217,3.272],[-52.192,3.302],[-52.178,3.334],[-52.157,3.366],[-52.134,3.414],[-52.117,3.447],[-52.097,3.475],[-52.077,3.506],[-52.054,3.537],[-52.038,3.567],[-52.013,3.604],[-51.995,3.632],[-51.989,3.676],[-51.972,3.716],[-51.939,3.728],[-51.925,3.759],[-51.909,3.79],[-51.879,3.807],[-51.844,3.846],[-51.82,3.87],[-51.795,3.892],[-51.779,3.925],[-51.766,3.973],[-51.743,3.997],[-51.701,4.007],[-51.673,4.028],[-51.644,4.052],[-51.633,4.098],[-51.621,4.138],[-51.604,4.167],[-51.596,4.216],[-51.587,4.256],[-51.578,4.314],[-51.566,4.371],[-51.554,4.415],[-51.527,4.434],[-51.49,4.423],[-51.452,4.39],[-51.389,4.337],[-51.36,4.31],[-51.337,4.286],[-51.292,4.237],[-51.252,4.192],[-51.23,4.159],[-51.21,4.123],[-51.194,4.077],[-51.183,4.022],[-51.182,4.009]]]]}},{"type":"Feature","properties":{"name":"Bahia"},"geometry":{"type":"MultiPolygon","coordinates":[[[[-39.288,-8.563],[-39.272,-8.596],[-39.246,-8.627],[-39.245,-8.682],[-39.223,-8.711],[-39.177,-8.703],[-39.064,-8.729],[-39.024,-8.744],[-38.992,-8.767],[-38.968,-8.794],[-38.884,-8.789],[-38.811,-8.788],[-38.739,-8.844],[-38.706,-8.862],[-38.693,-8.918],[-38.671,-8.974],[-38.63,-8.985],[-38.609,-8.952],[-38.607,-8.893],[-38.571,-8.831],[-38.509,-8.832],[-38.479,-8.85],[-38.473,-8.889],[-38.499,-8.917],[-38.519,-8.948],[-38.503,-8.981],[-38.454,-9.022],[-38.417,-9.037],[-38.353,-8.996],[-38.296,-9.022],[-38.307,-9.061],[-38.321,-9.117],[-38.287,-9.173],[-38.25,-9.29],[-38.237,-9.329],[-38.209,-9.358],[-38.194,-9.394],[-38.177,-9.425],[-38.142,-9.437],[-38.079,-9.44],[-38.043,-9.468],[-38.009,-9.48],[-38.013,-9.528],[-38.025,-9.567],[-38.04,-9.602],[-38.016,-9.627],[-37.987,-9.647],[-38.021,-9.666],[-38.042,-9.716],[-38.028,-9.776],[-37.997,-9.803],[-37.966,-9.819],[-37.979,-9.863],[-37.997,-9.91],[-37.968,-9.962],[-37.921,-9.973],[-37.881,-9.98],[-37.831,-10.001],[-37.821,-10.057],[-37.798,-10.109],[-37.777,-10.134],[-37.783,-10.18],[-37.742,-10.31],[-37.762,-10.344],[-37.807,-10.366],[-37.84,-10.389],[-37.853,-10.424],[-37.825,-10.477],[-37.817,-10.518],[-37.831,-10.551],[-37.814,-10.691],[-37.972,-10.754],[-38.019,-10.763],[-38.043,-10.719],[-38.083,-10.706],[-38.125,-10.718],[-38.164,-10.71],[-38.212,-10.709],[-38.216,-10.749],[-38.231,-10.791],[-38.245,-10.822],[-38.24,-10.876],[-38.229,-10.915],[-38.2,-10.938],[-38.183,-10.967],[-38.148,-10.999],[-38.111,-11.009],[-38.099,-11.047],[-38.079,-11.074],[-38.095,-11.103],[-38.068,-11.131],[-38.048,-11.177],[-38.013,-11.188],[-37.974,-11.195],[-37.989,-11.229],[-37.993,-11.273],[-37.991,-11.317],[-37.978,-11.366],[-37.965,-11.402],[-37.936,-11.422],[-37.898,-11.437],[-37.85,-11.44],[-37.839,-11.481],[-37.809,-11.496],[-37.79,-11.524],[-37.752,-11.533],[-37.719,-11.55],[-37.688,-11.566],[-37.662,-11.545],[-37.637,-11.518],[-37.609,-11.536],[-37.578,-11.551],[-37.518,-11.548],[-37.462,-11.521],[-37.411,-11.495],[-37.373,-11.456],[-37.387,-11.504],[-37.412,-11.543],[-37.431,-11.58],[-37.449,-11.617],[-37.467,-11.652],[-37.484,-11.685],[-37.515,-11.742],[-37.556,-11.835],[-37.573,-11.873],[-37.603,-11.937],[-37.622,-11.995],[-37.653,-12.039],[-37.67,-12.071],[-37.69,-12.108],[-37.726,-12.163],[-37.762,-12.216],[-37.78,-12.25],[-37.836,-12.322],[-37.884,-12.393],[-37.916,-12.437],[-37.944,-12.472],[-37.973,-12.517],[-37.989,-12.553],[-38.018,-12.582],[-38.044,-12.612],[-38.06,-12.643],[-38.085,-12.666],[-38.118,-12.7],[-38.147,-12.735],[-38.176,-12.772],[-38.208,-12.805],[-38.233,-12.832],[-38.263,-12.867],[-38.295,-12.895],[-38.318,-12.925],[-38.347,-12.95],[-38.395,-12.957],[-38.424,-12.976],[-38.451,-12.999],[-38.489,-13.014],[-38.528,-13.008],[-38.581,-13.0],[-38.559,-12.954],[-38.611,-12.93],[-38.613,-12.974],[-38.637,-13.005],[-38.666,-13.036],[-38.698,-13.055],[-38.729,-13.077],[-38.763,-13.118],[-38.799,-13.136],[-38.833,-13.155],[-38.862,-13.176],[-38.905,-13.205],[-38.938,-13.226],[-38.959,-13.269],[-38.968,-13.341],[-38.949,-13.386],[-38.914,-13.375],[-38.901,-13.413],[-38.888,-13.448],[-38.905,-13.477],[-38.921,-13.507],[-38.934,-13.551],[-38.915,-13.584],[-38.906,-13.621],[-38.892,-13.659],[-38.937,-13.655],[-38.965,-13.677],[-38.988,-13.715],[-38.998,-13.761],[-38.986,-13.818],[-38.951,-13.871],[-38.932,-13.897],[-38.928,-13.939],[-38.938,-13.976],[-38.944,-14.019],[-38.954,-14.057],[-38.961,-14.095],[-38.977,-14.139],[-38.986,-14.181],[-38.992,-14.222],[-38.993,-14.271],[-38.998,-14.33],[-39.009,-14.393],[-39.018,-14.431],[-39.025,-14.471],[-39.036,-14.516],[-39.046,-14.564],[-39.06,-14.618],[-39.065,-14.679],[-39.062,-14.738],[-39.053,-14.778],[-39.032,-14.805],[-39.025,-14.88],[-39.02,-14.92],[-39.007,-14.956],[-38.998,-14.994],[-38.997,-15.093],[-38.997,-15.202],[-38.994,-15.25],[-38.993,-15.296],[-38.979,-15.349],[-38.973,-15.389],[-38.957,-15.447],[-38.942,-15.528],[-38.944,-15.595],[-38.936,-15.656],[-38.925,-15.702],[-38.906,-15.738],[-38.893,-15.772],[-38.869,-15.823],[-38.856,-15.86],[-38.884,-15.912],[-38.914,-15.998],[-38.93,-16.038],[-38.943,-16.074],[-38.958,-16.125],[-38.96,-16.174],[-38.975,-16.212],[-39.009,-16.242],[-39.02,-16.28],[-39.017,-16.326],[-39.008,-16.375],[-39.039,-16.394],[-39.058,-16.427],[-39.061,-16.472],[-39.075,-16.514],[-39.085,-16.557],[-39.094,-16.608],[-39.097,-16.658],[-39.105,-16.701],[-39.126,-16.731],[-39.142,-16.767],[-39.144,-16.811],[-39.142,-16.865],[-39.119,-16.891],[-39.136,-16.92],[-39.153,-16.953],[-39.173,-17.014],[-39.169,-17.058],[-39.181,-17.108],[-39.205,-17.141],[-39.213,-17.179],[-39.212,-17.228],[-39.219,-17.271],[-39.219,-17.317],[-39.204,-17.405],[-39.191,-17.446],[-39.193,-17.515],[-39.188,-17.561],[-39.184,-17.614],[-39.158,-17.654],[-39.137,-17.684],[-39.176,-17.726],[-39.199,-17.762],[-39.235,-17.804],[-39.26,-17.83],[-39.271,-17.871],[-39.325,-17.895],[-39.363,-17.904],[-39.397,-17.917],[-39.438,-17.942],[-39.47,-17.971],[-39.492,-17.997],[-39.521,-18.04],[-39.54,-18.078],[-39.563,-18.108],[-39.585,-18.146],[-39.608,-18.186],[-39.627,-18.219],[-39.639,-18.254],[-39.653,-18.288],[-39.661,-18.332],[-39.828,-18.232],[-39.912,-18.178],[-40.222,-17.98],[-40.242,-17.952],[-40.263,-17.922],[-40.233,-17.906],[-40.177,-17.855],[-40.196,-17.828],[-40.218,-17.795],[-40.213,-17.753],[-40.239,-17.733],[-40.28,-17.722],[-40.298,-17.683],[-40.322,-17.661],[-40.347,-17.614],[-40.396,-17.625],[-40.417,-17.596],[-40.46,-17.568],[-40.475,-17.533],[-40.483,-17.488],[-40.521,-17.458],[-40.551,-17.436],[-40.575,-17.414],[-40.623,-17.406],[-40.601,-17.382],[-40.592,-17.345],[-40.578,-17.304],[-40.547,-17.283],[-40.571,-17.252],[-40.562,-17.211],[-40.578,-17.148],[-40.557,-17.095],[-40.57,-17.061],[-40.556,-17.028],[-40.545,-16.984],[-40.516,-16.963],[-40.504,-16.929],[-40.491,-16.884],[-40.448,-16.892],[-40.407,-16.898],[-40.373,-16.879],[-40.339,-16.898],[-40.294,-16.903],[-40.273,-16.878],[-40.251,-16.849],[-40.257,-16.806],[-40.293,-16.797],[-40.335,-16.788],[-40.32,-16.746],[-40.302,-16.708],[-40.298,-16.652],[-40.283,-16.604],[-40.261,-16.574],[-40.215,-16.57],[-40.174,-16.582],[-40.161,-16.544],[-40.14,-16.495],[-40.12,-16.466],[-40.103,-16.437],[-40.084,-16.463],[-40.061,-16.44],[-40.041,-16.411],[-40.028,-16.374],[-40.011,-16.346],[-39.99,-16.313],[-39.953,-16.3],[-39.916,-16.283],[-39.935,-16.245],[-39.912,-16.216],[-39.883,-16.194],[-39.887,-16.151],[-39.86,-16.124],[-39.877,-16.091],[-39.9,-16.058],[-39.922,-16.028],[-39.947,-15.992],[-39.98,-16.005],[-40.013,-15.984],[-40.046,-15.97],[-40.066,-15.943],[-40.086,-15.913],[-40.128,-15.907],[-40.175,-15.903],[-40.185,-15.862],[-40.212,-15.842],[-40.23,-15.804],[-40.269,-15.812],[-40.311,-15.815],[-40.356,-15.813],[-40.402,-15.816],[-40.432,-15.778],[-40.456,-15.756],[-40.489,-15.773],[-40.518,-15.797],[-40.562,-15.803],[-40.581,-15.773],[-40.606,-15.736],[-40.632,-15.717],[-40.668,-15.704],[-40.697,-15.671],[-40.743,-15.684],[-40.762,-15.712],[-40.782,-15.684],[-40.815,-15.648],[-40.839,-15.674],[-40.881,-15.694],[-40.914,-15.661],[-40.962,-15.648],[-40.977,-15.683],[-41.0,-15.708],[-41.044,-15.719],[-41.085,-15.729],[-41.119,-15.742],[-41.144,-15.771],[-41.198,-15.749],[-41.237,-15.737],[-41.28,-15.741],[-41.327,-15.741],[-41.342,-15.637],[-41.356,-15.502],[-41.464,-15.402],[-41.632,-15.25],[-41.788,-15.111],[-41.846,-15.115],[-41.876,-15.13],[-41.908,-15.154],[-41.953,-15.175],[-41.992,-15.163],[-42.073,-15.175],[-42.113,-15.15],[-42.141,-15.128],[-42.164,-15.097],[-42.216,-15.105],[-42.264,-15.125],[-42.294,-15.107],[-42.326,-15.088],[-42.376,-15.071],[-42.421,-15.065],[-42.442,-15.035],[-42.476,-15.017],[-42.516,-14.983],[-42.554,-14.959],[-42.58,-14.938],[-42.625,-14.944],[-42.655,-14.924],[-42.679,-14.903],[-42.705,-14.882],[-42.742,-14.87],[-42.791,-14.839],[-42.836,-14.806],[-42.86,-14.78],[-42.896,-14.763],[-42.927,-14.744],[-42.938,-14.708],[-42.977,-14.698],[-43.026,-14.693],[-43.066,-14.68],[-43.108,-14.673],[-43.151,-14.666],[-43.188,-14.655],[-43.229,-14.66],[-43.28,-14.665],[-43.319,-14.678],[-43.364,-14.699],[-43.399,-14.71],[-43.428,-14.726],[-43.461,-14.746],[-43.469,-14.784],[-43.504,-14.797],[-43.537,-14.783],[-43.573,-14.765],[-43.615,-14.759],[-43.659,-14.744],[-43.689,-14.727],[-43.721,-14.702],[-43.763,-14.692],[-43.82,-14.68],[-43.863,-14.662],[-43.885,-14.635],[-43.875,-14.593],[-43.873,-14.52],[-43.842,-14.462],[-43.819,-14.389],[-43.783,-14.339],[-43.815,-14.323],[-43.855,-14.318],[-43.889,-14.305],[-43.934,-14.296],[-43.969,-14.274],[-44.015,-14.271],[-44.049,-14.284],[-44.082,-14.269],[-44.123,-14.274],[-44.16,-14.258],[-44.201,-14.251],[-44.24,-14.24],[-44.276,-14.252],[-44.316,-14.24],[-44.351,-14.257],[-44.389,-14.28],[-44.43,-14.289],[-44.461,-14.313],[-44.498,-14.327],[-44.54,-14.331],[-44.572,-14.345],[-44.597,-14.367],[-44.628,-14.382],[-44.663,-14.407],[-44.694,-14.423],[-44.719,-14.451],[-44.749,-14.469],[-44.782,-14.482],[-44.81,-14.499],[-44.832,-14.526],[-44.847,-14.558],[-44.867,-14.587],[-44.896,-14.605],[-44.94,-14.627],[-44.98,-14.643],[-45.015,-14.673],[-45.045,-14.695],[-45.063,-14.726],[-45.089,-14.75],[-45.132,-14.746],[-45.166,-14.735],[-45.205,-14.744],[-45.23,-14.769],[-45.258,-14.789],[-45.288,-14.818],[-45.311,-14.84],[-45.338,-14.861],[-45.372,-14.881],[-45.399,-14.917],[-45.442,-14.935],[-45.49,-14.96],[-45.533,-14.939],[-45.567,-14.956],[-45.593,-14.975],[-45.616,-15.013],[-45.647,-15.031],[-45.674,-15.08],[-45.71,-15.093],[-45.739,-15.117],[-45.789,-15.114],[-45.829,-15.12],[-45.853,-15.144],[-45.918,-15.133],[-45.963,-15.147],[-45.984,-15.196],[-46.028,-15.201],[-46.043,-15.234],[-46.077,-15.264],[-46.098,-15.239],[-46.118,-15.202],[-46.087,-15.183],[-46.049,-15.166],[-46.043,-15.118],[-46.019,-15.093],[-45.975,-15.038],[-45.969,-14.992],[-45.971,-14.949],[-45.995,-14.927],[-46.021,-14.883],[-46.044,-14.842],[-46.023,-14.818],[-46.009,-14.776],[-46.012,-14.733],[-46.022,-14.692],[-46.008,-14.657],[-45.984,-14.62],[-45.985,-14.573],[-45.981,-14.53],[-46.001,-14.504],[-46.016,-14.469],[-46.0,-14.434],[-45.96,-14.426],[-45.927,-14.41],[-45.912,-14.375],[-45.943,-14.342],[-45.959,-14.304],[-45.978,-14.277],[-46.007,-14.256],[-46.042,-14.244],[-46.052,-14.204],[-46.101,-14.192],[-46.118,-14.16],[-46.185,-14.151],[-46.202,-14.119],[-46.236,-14.107],[-46.225,-14.069],[-46.212,-14.022],[-46.216,-13.979],[-46.25,-13.954],[-46.262,-13.902],[-46.234,-13.849],[-46.269,-13.828],[-46.282,-13.796],[-46.244,-13.778],[-46.266,-13.74],[-46.239,-13.716],[-46.26,-13.687],[-46.242,-13.658],[-46.214,-13.632],[-46.162,-13.59],[-46.184,-13.567],[-46.228,-13.569],[-46.241,-13.525],[-46.218,-13.5],[-46.205,-13.465],[-46.225,-13.434],[-46.214,-13.4],[-46.181,-13.387],[-46.143,-13.378],[-46.112,-13.358],[-46.089,-13.332],[-46.057,-13.314],[-46.041,-13.28],[-46.112,-13.284],[-46.172,-13.312],[-46.211,-13.318],[-46.265,-13.348],[-46.288,-13.314],[-46.3,-13.275],[-46.33,-13.252],[-46.313,-13.221],[-46.303,-13.182],[-46.292,-13.147],[-46.313,-13.109],[-46.301,-13.076],[-46.28,-13.043],[-46.253,-13.006],[-46.197,-12.996],[-46.166,-12.976],[-46.132,-12.963],[-46.113,-12.931],[-46.139,-12.909],[-46.184,-12.923],[-46.22,-12.94],[-46.266,-12.932],[-46.304,-12.949],[-46.294,-12.914],[-46.284,-12.878],[-46.267,-12.839],[-46.28,-12.805],[-46.277,-12.759],[-46.264,-12.717],[-46.293,-12.692],[-46.265,-12.668],[-46.29,-12.631],[-46.273,-12.594],[-46.255,-12.547],[-46.214,-12.534],[-46.16,-12.528],[-46.154,-12.483],[-46.227,-12.498],[-46.253,-12.46],[-46.265,-12.412],[-46.304,-12.405],[-46.285,-12.379],[-46.312,-12.356],[-46.34,-12.337],[-46.324,-12.302],[-46.372,-12.29],[-46.38,-12.248],[-46.366,-12.216],[-46.391,-12.193],[-46.37,-12.134],[-46.378,-12.095],[-46.382,-12.053],[-46.373,-12.015],[-46.356,-11.981],[-46.325,-11.958],[-46.287,-11.949],[-46.21,-11.93],[-46.175,-11.91],[-46.201,-11.888],[-46.238,-11.902],[-46.275,-11.89],[-46.318,-11.898],[-46.351,-11.882],[-46.371,-11.854],[-46.35,-11.826],[-46.333,-11.796],[-46.347,-11.753],[-46.309,-11.704],[-46.307,-11.653],[-46.277,-11.623],[-46.221,-11.644],[-46.184,-11.655],[-46.133,-11.647],[-46.087,-11.642],[-46.127,-11.604],[-46.187,-11.606],[-46.218,-11.581],[-46.258,-11.556],[-46.313,-11.539],[-46.36,-11.535],[-46.401,-11.541],[-46.445,-11.514],[-46.484,-11.507],[-46.52,-11.483],[-46.525,-11.442],[-46.548,-11.408],[-46.562,-11.374],[-46.594,-11.356],[-46.605,-11.321],[-46.599,-11.265],[-46.5,-11.207],[-46.453,-11.156],[-46.446,-11.09],[-46.421,-11.036],[-46.399,-10.994],[-46.36,-10.961],[-46.328,-10.942],[-46.304,-10.919],[-46.285,-10.893],[-46.29,-10.847],[-46.233,-10.804],[-46.238,-10.764],[-46.216,-10.732],[-46.188,-10.685],[-46.209,-10.655],[-46.187,-10.626],[-46.137,-10.622],[-46.096,-10.604],[-46.059,-10.593],[-46.027,-10.567],[-46.005,-10.536],[-45.962,-10.509],[-45.906,-10.473],[-45.876,-10.444],[-45.834,-10.44],[-45.825,-10.402],[-45.792,-10.352],[-45.744,-10.347],[-45.724,-10.317],[-45.708,-10.274],[-45.698,-10.215],[-45.699,-10.166],[-45.669,-10.145],[-45.639,-10.126],[-45.603,-10.108],[-45.567,-10.139],[-45.57,-10.184],[-45.556,-10.216],[-45.526,-10.236],[-45.519,-10.281],[-45.491,-10.301],[-45.456,-10.338],[-45.43,-10.359],[-45.427,-10.415],[-45.396,-10.446],[-45.431,-10.488],[-45.44,-10.541],[-45.436,-10.619],[-45.412,-10.644],[-45.374,-10.667],[-45.358,-10.732],[-45.322,-10.76],[-45.28,-10.77],[-45.26,-10.803],[-45.219,-10.817],[-45.163,-10.837],[-45.116,-10.84],[-45.03,-10.866],[-45.002,-10.887],[-44.931,-10.928],[-44.901,-10.91],[-44.863,-10.886],[-44.823,-10.876],[-44.788,-10.808],[-44.757,-10.792],[-44.713,-10.762],[-44.667,-10.76],[-44.669,-10.692],[-44.628,-10.675],[-44.598,-10.645],[-44.549,-10.629],[-44.518,-10.65],[-44.479,-10.64],[-44.453,-10.607],[-44.401,-10.607],[-44.353,-10.556],[-44.311,-10.56],[-44.283,-10.606],[-44.237,-10.626],[-44.193,-10.628],[-44.157,-10.643],[-44.118,-10.612],[-44.082,-10.588],[-44.066,-10.558],[-44.051,-10.506],[-44.025,-10.475],[-44.029,-10.416],[-43.972,-10.421],[-43.917,-10.424],[-43.906,-10.375],[-43.884,-10.344],[-43.854,-10.32],[-43.834,-10.277],[-43.797,-10.208],[-43.779,-10.18],[-43.766,-10.134],[-43.766,-10.08],[-43.693,-10.077],[-43.669,-10.03],[-43.681,-9.984],[-43.696,-9.952],[-43.709,-9.913],[-43.686,-9.889],[-43.665,-9.862],[-43.679,-9.817],[-43.717,-9.802],[-43.746,-9.783],[-43.785,-9.762],[-43.797,-9.727],[-43.826,-9.649],[-43.842,-9.612],[-43.852,-9.562],[-43.833,-9.52],[-43.799,-9.479],[-43.779,-9.45],[-43.686,-9.418],[-43.624,-9.373],[-43.574,-9.318],[-43.534,-9.304],[-43.506,-9.281],[-43.461,-9.261],[-43.424,-9.277],[-43.374,-9.351],[-43.343,-9.369],[-43.315,-9.389],[-43.285,-9.42],[-43.247,-9.411],[-43.206,-9.402],[-43.165,-9.391],[-43.129,-9.38],[-43.085,-9.391],[-43.057,-9.417],[-43.016,-9.408],[-42.958,-9.428],[-42.956,-9.485],[-42.928,-9.527],[-42.876,-9.56],[-42.837,-9.55],[-42.825,-9.59],[-42.802,-9.622],[-42.76,-9.609],[-42.742,-9.582],[-42.717,-9.556],[-42.674,-9.548],[-42.632,-9.538],[-42.603,-9.516],[-42.571,-9.501],[-42.522,-9.503],[-42.486,-9.483],[-42.452,-9.462],[-42.428,-9.439],[-42.398,-9.397],[-42.362,-9.379],[-42.332,-9.337],[-42.29,-9.309],[-42.25,-9.294],[-42.206,-9.292],[-42.137,-9.287],[-42.066,-9.256],[-42.021,-9.25],[-41.972,-9.248],[-41.939,-9.266],[-41.893,-9.256],[-41.859,-9.237],[-41.82,-9.189],[-41.8,-9.156],[-41.775,-9.126],[-41.735,-9.094],[-41.733,-9.046],[-41.712,-9.013],[-41.67,-9.003],[-41.629,-8.984],[-41.605,-8.957],[-41.565,-8.969],[-41.544,-8.941],[-41.526,-8.914],[-41.509,-8.883],[-41.487,-8.843],[-41.432,-8.797],[-41.4,-8.746],[-41.382,-8.708],[-41.334,-8.727],[-41.295,-8.735],[-41.26,-8.72],[-41.227,-8.704],[-41.185,-8.709],[-41.113,-8.704],[-41.128,-8.741],[-41.111,-8.77],[-41.078,-8.788],[-41.036,-8.785],[-41.031,-8.835],[-40.989,-8.829],[-40.946,-8.845],[-40.902,-8.861],[-40.883,-8.904],[-40.863,-8.938],[-40.851,-8.985],[-40.833,-9.023],[-40.823,-9.062],[-40.804,-9.098],[-40.763,-9.106],[-40.732,-9.124],[-40.696,-9.139],[-40.667,-9.159],[-40.682,-9.204],[-40.689,-9.257],[-40.707,-9.285],[-40.743,-9.305],[-40.739,-9.351],[-40.742,-9.4],[-40.759,-9.429],[-40.722,-9.446],[-40.681,-9.467],[-40.623,-9.482],[-40.573,-9.467],[-40.541,-9.429],[-40.51,-9.407],[-40.476,-9.419],[-40.447,-9.387],[-40.421,-9.352],[-40.391,-9.372],[-40.335,-9.353],[-40.319,-9.287],[-40.285,-9.181],[-40.286,-9.117],[-40.271,-9.081],[-40.244,-9.057],[-40.173,-9.091],[-40.128,-9.109],[-40.076,-9.077],[-40.032,-9.061],[-39.979,-9.055],[-39.916,-8.998],[-39.896,-8.972],[-39.874,-8.931],[-39.901,-8.86],[-39.873,-8.822],[-39.821,-8.813],[-39.747,-8.794],[-39.705,-8.799],[-39.673,-8.783],[-39.675,-8.736],[-39.693,-8.68],[-39.66,-8.657],[-39.616,-8.656],[-39.569,-8.637],[-39.537,-8.616],[-39.476,-8.592],[-39.452,-8.563],[-39.418,-8.545],[-39.383,-8.533],[-39.343,-8.558],[-39.288,-8.563]]]]}},{"type":"Feature","properties":{"name":"Cear\u00e1"},"geometry":{"type":"MultiPolygon","coordinates":[[[[-40.018,-2.837],[-39.976,-2.855],[-39.935,-2.864],[-39.901,-2.88],[-39.858,-2.903],[-39.832,-2.924],[-39.802,-2.942],[-39.757,-2.971],[-39.729,-2.99],[-39.688,-2.994],[-39.662,-3.018],[-39.619,-3.026],[-39.596,-3.065],[-39.557,-3.077],[-39.521,-3.103],[-39.487,-3.118],[-39.465,-3.142],[-39.425,-3.152],[-39.398,-3.176],[-39.345,-3.18],[-39.313,-3.208],[-39.279,-3.22],[-39.24,-3.235],[-39.187,-3.293],[-39.17,-3.323],[-39.139,-3.345],[-39.106,-3.36],[-39.087,-3.388],[-39.057,-3.406],[-39.014,-3.401],[-38.966,-3.419],[-38.938,-3.451],[-38.921,-3.49],[-38.891,-3.505],[-38.857,-3.536],[-38.819,-3.546],[-38.793,-3.565],[-38.763,-3.604],[-38.733,-3.622],[-38.689,-3.652],[-38.654,-3.68],[-38.612,-3.688],[-38.573,-3.697],[-38.541,-3.715],[-38.499,-3.725],[-38.456,-3.733],[-38.439,-3.764],[-38.419,-3.795],[-38.401,-3.823],[-38.379,-3.858],[-38.352,-3.893],[-38.325,-3.92],[-38.3,-3.941],[-38.252,-3.97],[-38.229,-3.998],[-38.205,-4.029],[-38.172,-4.068],[-38.151,-4.096],[-38.122,-4.138],[-38.096,-4.164],[-38.071,-4.189],[-38.049,-4.212],[-38.013,-4.246],[-37.983,-4.267],[-37.959,-4.294],[-37.918,-4.328],[-37.888,-4.353],[-37.857,-4.374],[-37.82,-4.391],[-37.778,-4.403],[-37.752,-4.442],[-37.74,-4.476],[-37.706,-4.52],[-37.662,-4.564],[-37.628,-4.596],[-37.598,-4.621],[-37.566,-4.639],[-37.522,-4.638],[-37.479,-4.644],[-37.446,-4.657],[-37.411,-4.672],[-37.368,-4.684],[-37.333,-4.697],[-37.306,-4.72],[-37.284,-4.748],[-37.271,-4.785],[-37.256,-4.821],[-37.356,-4.861],[-37.445,-4.881],[-37.639,-4.926],[-37.675,-5.047],[-37.712,-5.062],[-37.733,-5.1],[-37.765,-5.139],[-37.776,-5.187],[-37.783,-5.227],[-37.789,-5.273],[-37.812,-5.317],[-37.841,-5.337],[-37.863,-5.376],[-37.881,-5.436],[-37.892,-5.48],[-37.917,-5.505],[-37.944,-5.526],[-37.99,-5.555],[-38.01,-5.592],[-38.034,-5.637],[-38.076,-5.664],[-38.089,-5.714],[-38.057,-5.729],[-38.076,-5.781],[-38.104,-5.812],[-38.116,-5.846],[-38.125,-5.887],[-38.146,-5.916],[-38.164,-5.946],[-38.199,-5.962],[-38.244,-5.999],[-38.252,-6.043],[-38.275,-6.065],[-38.304,-6.087],[-38.346,-6.067],[-38.384,-6.058],[-38.431,-6.075],[-38.453,-6.106],[-38.476,-6.144],[-38.5,-6.179],[-38.529,-6.213],[-38.544,-6.245],[-38.578,-6.28],[-38.581,-6.323],[-38.564,-6.352],[-38.588,-6.376],[-38.558,-6.399],[-38.518,-6.408],[-38.554,-6.432],[-38.57,-6.462],[-38.591,-6.496],[-38.615,-6.526],[-38.629,-6.56],[-38.645,-6.615],[-38.647,-6.664],[-38.673,-6.697],[-38.656,-6.73],[-38.64,-6.764],[-38.614,-6.783],[-38.647,-6.807],[-38.674,-6.83],[-38.686,-6.865],[-38.714,-6.886],[-38.756,-6.903],[-38.765,-6.948],[-38.743,-6.975],[-38.73,-7.012],[-38.691,-7.029],[-38.67,-7.054],[-38.656,-7.092],[-38.677,-7.131],[-38.683,-7.176],[-38.643,-7.184],[-38.62,-7.216],[-38.598,-7.24],[-38.551,-7.243],[-38.534,-7.293],[-38.55,-7.326],[-38.568,-7.367],[-38.583,-7.398],[-38.595,-7.434],[-38.637,-7.459],[-38.646,-7.502],[-38.653,-7.541],[-38.675,-7.57],[-38.711,-7.586],[-38.717,-7.626],[-38.741,-7.648],[-38.775,-7.662],[-38.819,-7.664],[-38.822,-7.714],[-38.869,-7.711],[-38.881,-7.747],[-38.916,-7.758],[-38.946,-7.782],[-38.954,-7.821],[-38.977,-7.844],[-39.012,-7.815],[-39.053,-7.819],[-39.091,-7.858],[-39.09,-7.809],[-39.102,-7.771],[-39.123,-7.743],[-39.146,-7.718],[-39.189,-7.7],[-39.233,-7.696],[-39.265,-7.669],[-39.307,-7.665],[-39.296,-7.618],[-39.308,-7.576],[-39.328,-7.531],[-39.354,-7.511],[-39.396,-7.475],[-39.448,-7.454],[-39.484,-7.44],[-39.508,-7.414],[-39.545,-7.39],[-39.598,-7.344],[-39.648,-7.323],[-39.687,-7.315],[-39.757,-7.321],[-39.815,-7.328],[-39.862,-7.327],[-39.903,-7.339],[-39.944,-7.369],[-39.973,-7.391],[-40.023,-7.398],[-40.078,-7.399],[-40.15,-7.414],[-40.246,-7.433],[-40.272,-7.392],[-40.319,-7.374],[-40.372,-7.385],[-40.421,-7.39],[-40.501,-7.388],[-40.548,-7.392],[-40.54,-7.344],[-40.518,-7.313],[-40.51,-7.227],[-40.501,-7.188],[-40.484,-7.133],[-40.47,-7.094],[-40.446,-7.059],[-40.427,-7.029],[-40.411,-6.999],[-40.429,-6.952],[-40.432,-6.9],[-40.419,-6.859],[-40.386,-6.829],[-40.412,-6.809],[-40.442,-6.791],[-40.458,-6.757],[-40.517,-6.73],[-40.563,-6.72],[-40.607,-6.714],[-40.641,-6.688],[-40.71,-6.676],[-40.722,-6.617],[-40.745,-6.565],[-40.785,-6.526],[-40.796,-6.47],[-40.805,-6.393],[-40.779,-6.343],[-40.787,-6.305],[-40.823,-6.258],[-40.852,-6.224],[-40.853,-6.165],[-40.857,-6.105],[-40.873,-6.056],[-40.907,-6.041],[-40.891,-6.005],[-40.874,-5.974],[-40.88,-5.918],[-40.893,-5.884],[-40.905,-5.849],[-40.906,-5.794],[-40.917,-5.744],[-40.927,-5.706],[-40.921,-5.66],[-40.901,-5.615],[-40.913,-5.579],[-40.932,-5.549],[-40.928,-5.507],[-40.915,-5.466],[-40.936,-5.438],[-40.911,-5.407],[-40.928,-5.377],[-40.918,-5.338],[-40.926,-5.294],[-40.93,-5.249],[-40.93,-5.204],[-40.945,-5.166],[-40.973,-5.149],[-41.011,-5.123],[-41.034,-5.091],[-41.08,-5.091],[-41.095,-5.061],[-41.131,-5.048],[-41.122,-5.01],[-41.151,-4.992],[-41.18,-4.947],[-41.22,-4.937],[-41.235,-4.905],[-41.249,-4.869],[-41.241,-4.821],[-41.222,-4.79],[-41.247,-4.762],[-41.228,-4.728],[-41.202,-4.702],[-41.174,-4.667],[-41.198,-4.644],[-41.229,-4.62],[-41.221,-4.58],[-41.208,-4.548],[-41.19,-4.515],[-41.18,-4.472],[-41.159,-4.41],[-41.149,-4.367],[-41.12,-4.33],[-41.136,-4.233],[-41.102,-4.186],[-41.126,-4.152],[-41.143,-4.124],[-41.122,-4.077],[-41.143,-4.036],[-41.182,-4.025],[-41.234,-4.029],[-41.249,-3.99],[-41.223,-3.95],[-41.239,-3.902],[-41.258,-3.87],[-41.276,-3.825],[-41.264,-3.791],[-41.26,-3.748],[-41.239,-3.72],[-41.273,-3.701],[-41.307,-3.684],[-41.339,-3.67],[-41.331,-3.624],[-41.345,-3.588],[-41.37,-3.568],[-41.336,-3.554],[-41.324,-3.517],[-41.299,-3.491],[-41.329,-3.465],[-41.344,-3.433],[-41.389,-3.412],[-41.4,-3.378],[-41.412,-3.34],[-41.386,-3.288],[-41.322,-3.179],[-41.285,-3.113],[-41.256,-3.088],[-41.256,-3.041],[-41.269,-2.985],[-41.298,-2.968],[-41.323,-2.946],[-41.286,-2.9],[-41.25,-2.886],[-41.191,-2.891],[-41.12,-2.893],[-41.073,-2.896],[-41.009,-2.892],[-40.962,-2.881],[-40.92,-2.873],[-40.879,-2.862],[-40.844,-2.882],[-40.795,-2.869],[-40.76,-2.85],[-40.691,-2.851],[-40.645,-2.85],[-40.592,-2.843],[-40.557,-2.826],[-40.526,-2.809],[-40.499,-2.784],[-40.455,-2.804],[-40.405,-2.814],[-40.329,-2.805],[-40.261,-2.811],[-40.216,-2.814],[-40.174,-2.823],[-40.139,-2.836],[-40.095,-2.828],[-40.053,-2.837],[-40.018,-2.837]]]]}},{"type":"Feature","properties":{"name":"Esp\u00edrito Santo"},"geometry":{"type":"MultiPolygon","coordinates":[[[[-40.724,-20.842],[-40.756,-20.861],[-40.773,-20.891],[-40.793,-20.923],[-40.81,-20.967],[-40.801,-21.005],[-40.82,-21.041],[-40.836,-21.069],[-40.853,-21.12],[-40.88,-21.143],[-40.908,-21.167],[-40.933,-21.204],[-40.95,-21.232],[-40.961,-21.276],[-40.998,-21.266],[-41.025,-21.246],[-41.07,-21.228],[-41.112,-21.225],[-41.157,-21.24],[-41.199,-21.244],[-41.228,-21.226],[-41.268,-21.233],[-41.308,-21.223],[-41.363,-21.202],[-41.409,-21.2],[-41.448,-21.214],[-41.479,-21.193],[-41.508,-21.176],[-41.548,-21.182],[-41.582,-21.166],[-41.627,-21.145],[-41.661,-21.133],[-41.692,-21.116],[-41.729,-21.106],[-41.729,-21.05],[-41.715,-21.016],[-41.716,-20.969],[-41.736,-20.928],[-41.719,-20.897],[-41.741,-20.871],[-41.739,-20.827],[-41.764,-20.807],[-41.813,-20.805],[-41.837,-20.781],[-41.866,-20.765],[-41.864,-20.722],[-41.848,-20.687],[-41.824,-20.663],[-41.817,-20.624],[-41.856,-20.614],[-41.827,-20.556],[-41.811,-20.52],[-41.799,-20.477],[-41.803,-20.429],[-41.835,-20.409],[-41.848,-20.374],[-41.847,-20.329],[-41.811,-20.308],[-41.781,-20.292],[-41.769,-20.255],[-41.759,-20.213],[-41.666,-20.206],[-41.556,-20.206],[-41.424,-20.206],[-41.382,-20.188],[-41.367,-20.156],[-41.347,-20.123],[-41.337,-20.086],[-41.324,-20.052],[-41.308,-20.013],[-41.319,-19.978],[-41.3,-19.938],[-41.254,-19.932],[-41.228,-19.905],[-41.188,-19.891],[-41.184,-19.848],[-41.166,-19.809],[-41.174,-19.767],[-41.179,-19.72],[-41.168,-19.672],[-41.134,-19.65],[-41.102,-19.613],[-41.072,-19.59],[-41.036,-19.568],[-41.041,-19.518],[-40.978,-19.505],[-40.953,-19.473],[-40.967,-19.427],[-40.928,-19.381],[-40.928,-19.329],[-40.931,-19.286],[-40.92,-19.251],[-40.929,-19.215],[-40.941,-19.18],[-40.948,-19.141],[-40.973,-19.115],[-41.008,-19.098],[-41.035,-19.071],[-41.064,-19.052],[-41.066,-19.006],[-41.017,-18.976],[-41.061,-18.966],[-41.079,-18.938],[-41.112,-18.922],[-41.131,-18.894],[-41.158,-18.867],[-41.199,-18.862],[-41.242,-18.854],[-41.232,-18.797],[-41.151,-18.796],[-41.119,-18.81],[-41.097,-18.842],[-41.025,-18.837],[-40.971,-18.84],[-40.928,-18.819],[-40.937,-18.772],[-40.942,-18.701],[-40.967,-18.679],[-41.005,-18.667],[-41.03,-18.646],[-41.042,-18.605],[-41.026,-18.528],[-41.015,-18.477],[-41.174,-18.443],[-41.156,-18.414],[-41.145,-18.373],[-41.154,-18.334],[-41.14,-18.29],[-41.096,-18.255],[-41.104,-18.213],[-41.066,-18.181],[-41.035,-18.162],[-40.993,-18.166],[-40.967,-18.145],[-40.925,-18.129],[-40.893,-18.107],[-40.866,-18.129],[-40.832,-18.151],[-40.794,-18.16],[-40.773,-18.107],[-40.902,-17.987],[-40.859,-17.981],[-40.837,-17.957],[-40.791,-17.971],[-40.772,-18.002],[-40.725,-18.001],[-40.687,-18.012],[-40.648,-18.0],[-40.624,-17.975],[-40.613,-17.939],[-40.584,-17.918],[-40.547,-17.907],[-40.503,-17.91],[-40.464,-17.928],[-40.417,-17.927],[-40.372,-17.927],[-40.324,-17.936],[-40.291,-17.951],[-40.259,-17.968],[-40.223,-17.98],[-39.92,-18.173],[-39.828,-18.232],[-39.689,-18.32],[-39.67,-18.349],[-39.689,-18.392],[-39.71,-18.449],[-39.724,-18.49],[-39.728,-18.531],[-39.728,-18.586],[-39.733,-18.632],[-39.745,-18.699],[-39.747,-18.742],[-39.749,-18.787],[-39.75,-18.841],[-39.745,-18.886],[-39.739,-18.948],[-39.733,-18.993],[-39.721,-19.076],[-39.715,-19.126],[-39.71,-19.167],[-39.703,-19.21],[-39.689,-19.3],[-39.693,-19.345],[-39.713,-19.418],[-39.727,-19.459],[-39.744,-19.5],[-39.764,-19.545],[-39.796,-19.608],[-39.807,-19.648],[-39.848,-19.66],[-39.887,-19.675],[-39.93,-19.699],[-39.975,-19.732],[-40.001,-19.756],[-40.024,-19.778],[-40.045,-19.802],[-40.06,-19.841],[-40.079,-19.873],[-40.097,-19.904],[-40.12,-19.932],[-40.13,-19.967],[-40.147,-19.998],[-40.159,-20.038],[-40.188,-20.053],[-40.172,-20.088],[-40.18,-20.141],[-40.187,-20.179],[-40.197,-20.216],[-40.218,-20.245],[-40.238,-20.28],[-40.276,-20.272],[-40.292,-20.305],[-40.27,-20.33],[-40.296,-20.36],[-40.315,-20.392],[-40.327,-20.438],[-40.349,-20.477],[-40.359,-20.513],[-40.394,-20.565],[-40.41,-20.608],[-40.428,-20.635],[-40.461,-20.623],[-40.477,-20.654],[-40.501,-20.676],[-40.52,-20.713],[-40.537,-20.745],[-40.568,-20.762],[-40.583,-20.799],[-40.615,-20.821],[-40.646,-20.807],[-40.677,-20.822],[-40.712,-20.841],[-40.724,-20.842]]]]}},{"type":"Feature","properties":{"name":"Goi\u00e1s"},"geometry":{"type":"MultiPolygon","coordinates":[[[[-50.158,-12.412],[-50.179,-12.439],[-50.205,-12.465],[-50.219,-12.517],[-50.212,-12.556],[-50.228,-12.586],[-50.237,-12.624],[-50.269,-12.654],[-50.281,-12.689],[-50.288,-12.735],[-50.305,-12.767],[-50.307,-12.818],[-50.284,-12.843],[-50.245,-12.853],[-50.213,-12.878],[-50.183,-12.896],[-50.127,-12.905],[-50.078,-12.906],[-50.05,-12.922],[-50.01,-12.931],[-49.964,-12.951],[-49.913,-12.966],[-49.827,-13.019],[-49.608,-13.143],[-49.457,-13.226],[-49.371,-13.273],[-49.342,-13.255],[-49.348,-13.212],[-49.351,-13.161],[-49.344,-13.117],[-49.337,-13.066],[-49.3,-13.023],[-49.283,-12.991],[-49.263,-12.94],[-49.248,-12.909],[-49.228,-12.878],[-49.193,-12.859],[-49.164,-12.836],[-49.136,-12.8],[-49.11,-12.821],[-49.083,-12.845],[-49.087,-12.891],[-49.056,-12.908],[-49.009,-12.916],[-48.987,-12.943],[-48.934,-12.897],[-48.879,-12.818],[-48.842,-12.83],[-48.818,-12.853],[-48.791,-12.884],[-48.763,-12.902],[-48.736,-12.921],[-48.73,-12.961],[-48.717,-13.002],[-48.674,-12.995],[-48.638,-13.018],[-48.619,-13.052],[-48.6,-13.078],[-48.584,-13.11],[-48.596,-13.152],[-48.577,-13.187],[-48.586,-13.225],[-48.6,-13.295],[-48.567,-13.311],[-48.553,-13.28],[-48.553,-13.235],[-48.544,-13.195],[-48.521,-13.166],[-48.508,-13.128],[-48.472,-13.142],[-48.475,-13.191],[-48.47,-13.236],[-48.46,-13.279],[-48.42,-13.273],[-48.381,-13.259],[-48.35,-13.241],[-48.317,-13.23],[-48.288,-13.205],[-48.25,-13.197],[-48.231,-13.168],[-48.173,-13.148],[-48.155,-13.174],[-48.153,-13.219],[-48.153,-13.279],[-48.121,-13.297],[-48.083,-13.288],[-48.079,-13.243],[-48.043,-13.255],[-48.022,-13.279],[-47.982,-13.286],[-47.966,-13.315],[-47.935,-13.29],[-47.902,-13.307],[-47.87,-13.319],[-47.824,-13.311],[-47.8,-13.333],[-47.679,-13.467],[-47.662,-13.432],[-47.643,-13.403],[-47.622,-13.367],[-47.656,-13.322],[-47.656,-13.276],[-47.646,-13.242],[-47.665,-13.214],[-47.655,-13.177],[-47.647,-13.139],[-47.634,-13.104],[-47.592,-13.116],[-47.568,-13.149],[-47.541,-13.192],[-47.496,-13.186],[-47.465,-13.227],[-47.431,-13.238],[-47.437,-13.279],[-47.397,-13.261],[-47.377,-13.23],[-47.345,-13.247],[-47.294,-13.248],[-47.252,-13.235],[-47.231,-13.203],[-47.182,-13.188],[-47.153,-13.21],[-47.132,-13.178],[-47.09,-13.174],[-47.051,-13.155],[-47.009,-13.14],[-46.978,-13.121],[-46.948,-13.102],[-46.917,-13.075],[-46.892,-13.053],[-46.858,-13.067],[-46.84,-13.034],[-46.819,-13.002],[-46.75,-12.969],[-46.633,-12.97],[-46.555,-12.97],[-46.454,-12.971],[-46.442,-12.936],[-46.423,-12.862],[-46.411,-12.828],[-46.383,-12.849],[-46.364,-12.882],[-46.364,-12.931],[-46.369,-12.976],[-46.329,-12.98],[-46.28,-12.968],[-46.242,-12.96],[-46.194,-12.956],[-46.161,-12.934],[-46.119,-12.925],[-46.132,-12.963],[-46.166,-12.976],[-46.197,-12.996],[-46.239,-12.999],[-46.273,-13.015],[-46.29,-13.052],[-46.322,-13.098],[-46.302,-13.125],[-46.314,-13.178],[-46.314,-13.225],[-46.301,-13.266],[-46.315,-13.303],[-46.283,-13.333],[-46.237,-13.336],[-46.205,-13.32],[-46.129,-13.29],[-46.063,-13.261],[-46.044,-13.29],[-46.083,-13.331],[-46.112,-13.358],[-46.14,-13.377],[-46.181,-13.387],[-46.214,-13.4],[-46.242,-13.429],[-46.213,-13.457],[-46.222,-13.497],[-46.241,-13.525],[-46.228,-13.569],[-46.184,-13.567],[-46.162,-13.59],[-46.187,-13.617],[-46.242,-13.658],[-46.26,-13.687],[-46.236,-13.708],[-46.264,-13.734],[-46.223,-13.769],[-46.273,-13.787],[-46.269,-13.828],[-46.235,-13.844],[-46.262,-13.902],[-46.268,-13.943],[-46.221,-13.972],[-46.21,-14.012],[-46.229,-14.046],[-46.242,-14.092],[-46.216,-14.12],[-46.191,-14.147],[-46.151,-14.16],[-46.114,-14.173],[-46.096,-14.205],[-46.057,-14.221],[-46.029,-14.246],[-45.991,-14.262],[-45.963,-14.285],[-45.954,-14.325],[-45.93,-14.35],[-45.927,-14.41],[-45.96,-14.426],[-46.001,-14.422],[-46.016,-14.469],[-45.993,-14.495],[-45.981,-14.53],[-45.995,-14.566],[-45.991,-14.612],[-45.989,-14.659],[-46.023,-14.673],[-46.006,-14.701],[-46.007,-14.762],[-46.02,-14.81],[-46.052,-14.831],[-46.032,-14.857],[-46.052,-14.885],[-46.079,-14.905],[-46.11,-14.937],[-46.145,-14.926],[-46.176,-14.949],[-46.211,-14.937],[-46.247,-14.922],[-46.286,-14.928],[-46.315,-14.9],[-46.3,-14.858],[-46.32,-14.83],[-46.35,-14.796],[-46.386,-14.777],[-46.417,-14.756],[-46.447,-14.731],[-46.471,-14.707],[-46.509,-14.716],[-46.537,-14.747],[-46.565,-14.786],[-46.538,-14.828],[-46.53,-14.883],[-46.546,-14.925],[-46.53,-14.96],[-46.525,-15.009],[-46.502,-15.052],[-46.544,-15.065],[-46.576,-15.083],[-46.625,-15.089],[-46.68,-15.06],[-46.726,-15.039],[-46.781,-15.019],[-46.822,-15.01],[-46.864,-15.02],[-46.918,-15.049],[-46.899,-15.093],[-46.91,-15.152],[-46.937,-15.205],[-46.927,-15.255],[-46.892,-15.235],[-46.889,-15.282],[-46.836,-15.322],[-46.861,-15.351],[-46.913,-15.413],[-46.93,-15.443],[-46.944,-15.518],[-46.943,-15.565],[-46.919,-15.588],[-46.882,-15.609],[-46.857,-15.631],[-46.855,-15.682],[-46.842,-15.714],[-46.827,-15.749],[-46.813,-15.787],[-46.823,-15.824],[-46.805,-15.859],[-46.824,-15.885],[-46.871,-15.896],[-46.957,-15.916],[-47.052,-15.937],[-47.087,-15.96],[-47.126,-15.944],[-47.169,-15.954],[-47.193,-15.981],[-47.216,-16.005],[-47.254,-16.019],[-47.3,-16.017],[-47.343,-16.011],[-47.371,-15.994],[-47.367,-15.94],[-47.375,-15.896],[-47.367,-15.853],[-47.352,-15.813],[-47.335,-15.783],[-47.316,-15.745],[-47.312,-15.694],[-47.329,-15.655],[-47.322,-15.598],[-47.353,-15.578],[-47.389,-15.567],[-47.417,-15.546],[-47.417,-15.5],[-47.466,-15.5],[-47.527,-15.5],[-47.619,-15.5],[-48.034,-15.501],[-48.131,-15.5],[-48.197,-15.501],[-48.199,-15.546],[-48.2,-15.621],[-48.233,-15.639],[-48.24,-15.707],[-48.206,-15.728],[-48.226,-15.771],[-48.246,-15.797],[-48.282,-15.829],[-48.278,-15.874],[-48.27,-15.911],[-48.252,-15.94],[-48.26,-15.977],[-48.272,-16.018],[-48.258,-16.051],[-48.161,-16.051],[-48.086,-16.051],[-48.022,-16.051],[-47.939,-16.051],[-47.814,-16.05],[-47.683,-16.05],[-47.617,-16.05],[-47.537,-16.05],[-47.463,-16.05],[-47.416,-16.05],[-47.318,-16.05],[-47.329,-16.09],[-47.337,-16.128],[-47.332,-16.171],[-47.323,-16.209],[-47.328,-16.249],[-47.35,-16.274],[-47.366,-16.331],[-47.403,-16.375],[-47.423,-16.419],[-47.445,-16.45],[-47.456,-16.487],[-47.445,-16.529],[-47.42,-16.551],[-47.394,-16.574],[-47.367,-16.601],[-47.334,-16.617],[-47.294,-16.626],[-47.277,-16.66],[-47.255,-16.686],[-47.227,-16.713],[-47.236,-16.755],[-47.219,-16.797],[-47.193,-16.825],[-47.202,-16.861],[-47.193,-16.898],[-47.16,-16.922],[-47.151,-16.967],[-47.14,-17.004],[-47.156,-17.033],[-47.182,-17.063],[-47.218,-17.077],[-47.248,-17.093],[-47.282,-17.114],[-47.304,-17.146],[-47.333,-17.165],[-47.356,-17.188],[-47.373,-17.221],[-47.406,-17.245],[-47.434,-17.276],[-47.424,-17.312],[-47.455,-17.33],[-47.488,-17.349],[-47.514,-17.374],[-47.534,-17.402],[-47.54,-17.445],[-47.512,-17.473],[-47.502,-17.516],[-47.466,-17.533],[-47.414,-17.521],[-47.351,-17.526],[-47.314,-17.544],[-47.283,-17.577],[-47.266,-17.609],[-47.278,-17.644],[-47.286,-17.684],[-47.312,-17.711],[-47.337,-17.737],[-47.34,-17.779],[-47.352,-17.815],[-47.358,-17.858],[-47.346,-17.898],[-47.34,-17.937],[-47.313,-17.963],[-47.311,-18.006],[-47.286,-18.042],[-47.302,-18.073],[-47.343,-18.08],[-47.365,-18.107],[-47.395,-18.123],[-47.428,-18.139],[-47.464,-18.177],[-47.497,-18.199],[-47.53,-18.217],[-47.567,-18.203],[-47.581,-18.235],[-47.607,-18.263],[-47.638,-18.287],[-47.611,-18.315],[-47.643,-18.338],[-47.67,-18.357],[-47.698,-18.377],[-47.74,-18.363],[-47.756,-18.395],[-47.779,-18.424],[-47.809,-18.4],[-47.83,-18.425],[-47.86,-18.443],[-47.875,-18.475],[-47.914,-18.466],[-47.939,-18.488],[-47.976,-18.477],[-48.006,-18.454],[-48.039,-18.433],[-48.095,-18.428],[-48.128,-18.416],[-48.159,-18.384],[-48.196,-18.364],[-48.226,-18.345],[-48.262,-18.331],[-48.314,-18.364],[-48.4,-18.371],[-48.441,-18.36],[-48.479,-18.379],[-48.515,-18.366],[-48.549,-18.35],[-48.573,-18.325],[-48.633,-18.327],[-48.668,-18.345],[-48.716,-18.348],[-48.767,-18.353],[-48.806,-18.367],[-48.832,-18.346],[-48.872,-18.332],[-48.907,-18.316],[-48.959,-18.323],[-48.982,-18.348],[-49.005,-18.374],[-49.053,-18.402],[-49.091,-18.413],[-49.108,-18.383],[-49.154,-18.402],[-49.189,-18.415],[-49.201,-18.458],[-49.228,-18.479],[-49.249,-18.522],[-49.284,-18.537],[-49.303,-18.566],[-49.343,-18.598],[-49.371,-18.628],[-49.408,-18.644],[-49.432,-18.606],[-49.481,-18.561],[-49.486,-18.508],[-49.535,-18.493],[-49.547,-18.537],[-49.588,-18.544],[-49.628,-18.552],[-49.64,-18.6],[-49.686,-18.59],[-49.724,-18.609],[-49.77,-18.612],[-49.794,-18.643],[-49.836,-18.636],[-49.868,-18.622],[-49.918,-18.622],[-49.963,-18.616],[-50.016,-18.599],[-50.045,-18.631],[-50.07,-18.661],[-50.164,-18.664],[-50.198,-18.679],[-50.25,-18.677],[-50.286,-18.69],[-50.316,-18.705],[-50.352,-18.76],[-50.376,-18.812],[-50.414,-18.826],[-50.441,-18.89],[-50.466,-18.916],[-50.5,-18.929],[-50.5,-18.981],[-50.497,-19.026],[-50.522,-19.076],[-50.543,-19.105],[-50.578,-19.129],[-50.645,-19.133],[-50.675,-19.15],[-50.733,-19.185],[-50.746,-19.226],[-50.771,-19.259],[-50.817,-19.289],[-50.835,-19.327],[-50.86,-19.392],[-50.875,-19.422],[-50.838,-19.457],[-50.935,-19.467],[-50.963,-19.438],[-50.985,-19.41],[-51.03,-19.401],[-51.036,-19.361],[-51.057,-19.329],[-51.087,-19.314],[-51.126,-19.303],[-51.166,-19.287],[-51.2,-19.264],[-51.242,-19.268],[-51.277,-19.255],[-51.307,-19.237],[-51.339,-19.218],[-51.37,-19.2],[-51.41,-19.181],[-51.443,-19.165],[-51.493,-19.163],[-51.527,-19.139],[-51.576,-19.132],[-51.62,-19.137],[-51.693,-19.118],[-51.728,-19.108],[-51.759,-19.088],[-51.79,-19.073],[-51.817,-19.054],[-51.871,-19.035],[-51.889,-19.008],[-51.914,-18.983],[-51.952,-18.974],[-51.995,-18.973],[-52.035,-18.958],[-52.081,-18.95],[-52.107,-18.923],[-52.131,-18.897],[-52.161,-18.878],[-52.181,-18.847],[-52.228,-18.841],[-52.263,-18.827],[-52.309,-18.839],[-52.337,-18.821],[-52.363,-18.799],[-52.399,-18.765],[-52.425,-18.731],[-52.449,-18.691],[-52.5,-18.675],[-52.531,-18.658],[-52.586,-18.68],[-52.624,-18.69],[-52.673,-18.68],[-52.718,-18.691],[-52.765,-18.681],[-52.809,-18.667],[-52.873,-18.646],[-52.914,-18.64],[-52.939,-18.613],[-52.951,-18.576],[-52.962,-18.54],[-52.915,-18.508],[-52.899,-18.476],[-52.873,-18.428],[-52.798,-18.414],[-52.78,-18.386],[-52.759,-18.352],[-52.781,-18.325],[-52.821,-18.311],[-52.872,-18.314],[-52.923,-18.299],[-52.979,-18.304],[-53.009,-18.323],[-53.029,-18.351],[-53.069,-18.342],[-53.096,-18.315],[-53.102,-18.272],[-53.11,-18.219],[-53.129,-18.16],[-53.136,-18.115],[-53.139,-18.071],[-53.103,-18.057],[-53.071,-18.039],[-53.07,-17.986],[-53.1,-17.936],[-53.131,-17.916],[-53.143,-17.871],[-53.163,-17.795],[-53.177,-17.755],[-53.2,-17.73],[-53.238,-17.714],[-53.245,-17.672],[-53.25,-17.628],[-53.24,-17.59],[-53.244,-17.549],[-53.243,-17.505],[-53.223,-17.458],[-53.221,-17.414],[-53.206,-17.384],[-53.202,-17.34],[-53.218,-17.309],[-53.199,-17.278],[-53.18,-17.244],[-53.167,-17.21],[-53.157,-17.17],[-53.128,-17.154],[-53.115,-17.116],[-53.087,-17.098],[-53.067,-17.073],[-53.068,-17.03],[-53.049,-16.992],[-53.046,-16.948],[-53.029,-16.909],[-53.014,-16.877],[-52.976,-16.863],[-52.947,-16.845],[-52.935,-16.81],[-52.892,-16.793],[-52.863,-16.774],[-52.83,-16.76],[-52.792,-16.739],[-52.772,-16.707],[-52.755,-16.672],[-52.746,-16.63],[-52.731,-16.598],[-52.707,-16.575],[-52.667,-16.569],[-52.635,-16.551],[-52.637,-16.502],[-52.605,-16.482],[-52.629,-16.442],[-52.65,-16.408],[-52.688,-16.396],[-52.693,-16.351],[-52.681,-16.303],[-52.657,-16.28],[-52.61,-16.272],[-52.58,-16.251],[-52.556,-16.224],[-52.543,-16.18],[-52.526,-16.151],[-52.494,-16.136],[-52.458,-16.127],[-52.397,-16.093],[-52.36,-16.082],[-52.327,-16.068],[-52.318,-16.031],[-52.29,-15.985],[-52.273,-15.953],[-52.251,-15.908],[-52.216,-15.889],[-52.128,-15.895],[-52.092,-15.883],[-52.008,-15.885],[-51.983,-15.844],[-51.955,-15.821],[-51.912,-15.813],[-51.874,-15.801],[-51.844,-15.765],[-51.826,-15.737],[-51.803,-15.709],[-51.762,-15.645],[-51.775,-15.558],[-51.727,-15.55],[-51.735,-15.51],[-51.699,-15.484],[-51.692,-15.433],[-51.671,-15.371],[-51.688,-15.308],[-51.646,-15.268],[-51.654,-15.21],[-51.628,-15.165],[-51.583,-15.13],[-51.552,-15.105],[-51.535,-15.069],[-51.477,-15.056],[-51.452,-15.034],[-51.426,-15.008],[-51.376,-15.012],[-51.35,-14.991],[-51.322,-14.971],[-51.3,-14.996],[-51.29,-15.034],[-51.242,-15.035],[-51.198,-15.004],[-51.15,-14.983],[-51.133,-14.942],[-51.086,-14.917],[-51.091,-14.872],[-51.068,-14.81],[-51.043,-14.788],[-51.053,-14.746],[-51.027,-14.706],[-51.022,-14.663],[-50.991,-14.613],[-50.962,-14.527],[-50.968,-14.482],[-50.986,-14.446],[-50.988,-14.396],[-50.98,-14.354],[-50.975,-14.29],[-50.961,-14.249],[-50.937,-14.21],[-50.919,-14.176],[-50.918,-14.125],[-50.869,-14.125],[-50.842,-14.105],[-50.851,-14.029],[-50.865,-13.98],[-50.85,-13.945],[-50.845,-13.903],[-50.856,-13.831],[-50.853,-13.765],[-50.871,-13.733],[-50.838,-13.712],[-50.803,-13.691],[-50.787,-13.648],[-50.774,-13.608],[-50.763,-13.53],[-50.715,-13.491],[-50.691,-13.462],[-50.665,-13.442],[-50.669,-13.399],[-50.65,-13.364],[-50.624,-13.334],[-50.605,-13.277],[-50.588,-13.249],[-50.603,-13.194],[-50.599,-13.146],[-50.59,-13.109],[-50.61,-13.063],[-50.576,-13.051],[-50.593,-13.002],[-50.543,-12.985],[-50.525,-12.945],[-50.514,-12.9],[-50.495,-12.842],[-50.488,-12.802],[-50.477,-12.76],[-50.468,-12.721],[-50.443,-12.697],[-50.433,-12.657],[-50.418,-12.624],[-50.391,-12.606],[-50.375,-12.576],[-50.359,-12.541],[-50.334,-12.52],[-50.296,-12.491],[-50.258,-12.47],[-50.222,-12.446],[-50.184,-12.43],[-50.142,-12.396],[-50.158,-12.412]]]]}},{"type":"Feature","properties":{"name":"Maranh\u00e3o"},"geometry":{"type":"MultiPolygon","coordinates":[[[[-47.031,-8.985],[-47.018,-8.953],[-46.983,-8.932],[-46.986,-8.888],[-46.941,-8.859],[-46.914,-8.835],[-46.906,-8.796],[-46.918,-8.751],[-46.914,-8.708],[-46.887,-8.686],[-46.902,-8.653],[-46.905,-8.608],[-46.891,-8.57],[-46.858,-8.551],[-46.846,-8.511],[-46.84,-8.465],[-46.796,-8.446],[-46.806,-8.399],[-46.782,-8.368],[-46.74,-8.377],[-46.71,-8.359],[-46.681,-8.34],[-46.647,-8.326],[-46.59,-8.328],[-46.544,-8.319],[-46.521,-8.291],[-46.509,-8.237],[-46.49,-8.207],[-46.51,-8.181],[-46.492,-8.115],[-46.475,-8.086],[-46.479,-8.042],[-46.485,-8.003],[-46.518,-7.959],[-46.557,-7.938],[-46.58,-7.911],[-46.63,-7.898],[-46.671,-7.909],[-46.713,-7.914],[-46.746,-7.926],[-46.781,-7.945],[-46.831,-7.963],[-46.872,-7.955],[-46.896,-7.987],[-46.941,-7.996],[-46.966,-8.034],[-46.997,-8.067],[-47.043,-8.053],[-47.062,-8.005],[-47.091,-7.989],[-47.102,-7.954],[-47.121,-7.922],[-47.142,-7.894],[-47.175,-7.871],[-47.201,-7.845],[-47.234,-7.824],[-47.244,-7.789],[-47.259,-7.756],[-47.293,-7.728],[-47.316,-7.701],[-47.337,-7.667],[-47.348,-7.631],[-47.373,-7.655],[-47.382,-7.603],[-47.398,-7.572],[-47.438,-7.556],[-47.461,-7.519],[-47.48,-7.492],[-47.5,-7.446],[-47.55,-7.439],[-47.577,-7.416],[-47.512,-7.386],[-47.485,-7.367],[-47.483,-7.322],[-47.499,-7.293],[-47.541,-7.265],[-47.589,-7.264],[-47.627,-7.3],[-47.674,-7.259],[-47.736,-7.216],[-47.749,-7.172],[-47.716,-7.141],[-47.676,-7.147],[-47.636,-7.132],[-47.618,-7.091],[-47.594,-7.062],[-47.546,-7.014],[-47.529,-6.976],[-47.507,-6.907],[-47.52,-6.84],[-47.516,-6.79],[-47.494,-6.754],[-47.496,-6.707],[-47.483,-6.644],[-47.465,-6.612],[-47.458,-6.548],[-47.429,-6.5],[-47.432,-6.435],[-47.42,-6.401],[-47.411,-6.35],[-47.378,-6.27],[-47.385,-6.23],[-47.416,-6.177],[-47.431,-6.12],[-47.431,-6.066],[-47.438,-6.012],[-47.43,-5.935],[-47.431,-5.869],[-47.442,-5.83],[-47.463,-5.786],[-47.483,-5.756],[-47.493,-5.72],[-47.473,-5.662],[-47.479,-5.621],[-47.483,-5.565],[-47.5,-5.525],[-47.555,-5.465],[-47.618,-5.459],[-47.666,-5.421],[-47.742,-5.381],[-47.793,-5.384],[-47.842,-5.376],[-47.867,-5.342],[-47.873,-5.273],[-47.934,-5.241],[-47.981,-5.236],[-48.04,-5.259],[-48.079,-5.275],[-48.178,-5.26],[-48.225,-5.235],[-48.273,-5.216],[-48.32,-5.201],[-48.353,-5.174],[-48.466,-5.185],[-48.519,-5.192],[-48.561,-5.23],[-48.568,-5.272],[-48.584,-5.311],[-48.606,-5.336],[-48.637,-5.321],[-48.679,-5.305],[-48.704,-5.344],[-48.755,-5.349],[-48.644,-5.262],[-48.452,-5.111],[-48.434,-5.076],[-48.212,-4.925],[-48.058,-4.804],[-48.026,-4.779],[-47.816,-4.614],[-47.789,-4.585],[-47.752,-4.596],[-47.711,-4.603],[-47.652,-4.589],[-47.628,-4.567],[-47.581,-4.52],[-47.563,-4.475],[-47.531,-4.444],[-47.502,-4.403],[-47.488,-4.372],[-47.477,-4.336],[-47.449,-4.299],[-47.42,-4.278],[-47.389,-4.25],[-47.373,-4.22],[-47.365,-4.179],[-47.343,-4.148],[-47.345,-4.1],[-47.325,-4.068],[-47.294,-4.052],[-47.267,-4.033],[-47.236,-3.994],[-47.202,-3.978],[-47.181,-3.952],[-47.156,-3.914],[-47.135,-3.881],[-47.101,-3.862],[-47.085,-3.832],[-47.07,-3.799],[-47.059,-3.754],[-47.05,-3.718],[-47.036,-3.671],[-47.044,-3.633],[-47.03,-3.6],[-47.037,-3.563],[-47.01,-3.545],[-46.977,-3.526],[-46.96,-3.495],[-46.952,-3.456],[-46.941,-3.416],[-46.938,-3.371],[-46.905,-3.358],[-46.877,-3.341],[-46.849,-3.318],[-46.813,-3.309],[-46.824,-3.269],[-46.796,-3.236],[-46.77,-3.213],[-46.746,-3.178],[-46.723,-3.151],[-46.747,-3.121],[-46.706,-3.104],[-46.683,-3.081],[-46.679,-3.035],[-46.669,-2.993],[-46.648,-2.961],[-46.656,-2.923],[-46.672,-2.892],[-46.641,-2.877],[-46.61,-2.855],[-46.575,-2.841],[-46.597,-2.817],[-46.636,-2.793],[-46.64,-2.75],[-46.67,-2.73],[-46.653,-2.691],[-46.62,-2.666],[-46.586,-2.645],[-46.555,-2.63],[-46.505,-2.615],[-46.49,-2.581],[-46.495,-2.539],[-46.416,-2.529],[-46.43,-2.497],[-46.436,-2.458],[-46.44,-2.412],[-46.419,-2.383],[-46.463,-2.376],[-46.436,-2.334],[-46.426,-2.294],[-46.43,-2.246],[-46.388,-2.252],[-46.357,-2.227],[-46.331,-2.189],[-46.291,-2.164],[-46.273,-2.122],[-46.277,-2.078],[-46.259,-2.043],[-46.249,-2.0],[-46.233,-1.967],[-46.218,-1.913],[-46.234,-1.881],[-46.21,-1.833],[-46.229,-1.8],[-46.283,-1.799],[-46.322,-1.773],[-46.311,-1.733],[-46.261,-1.728],[-46.218,-1.727],[-46.191,-1.704],[-46.153,-1.676],[-46.16,-1.624],[-46.149,-1.588],[-46.142,-1.521],[-46.162,-1.494],[-46.139,-1.444],[-46.131,-1.4],[-46.117,-1.367],[-46.106,-1.332],[-46.131,-1.31],[-46.162,-1.278],[-46.14,-1.249],[-46.13,-1.206],[-46.077,-1.196],[-46.068,-1.15],[-46.04,-1.173],[-46.044,-1.125],[-46.019,-1.082],[-45.994,-1.056],[-45.962,-1.077],[-45.982,-1.122],[-45.994,-1.162],[-45.965,-1.141],[-45.949,-1.173],[-45.953,-1.23],[-45.932,-1.201],[-45.909,-1.142],[-45.891,-1.114],[-45.869,-1.073],[-45.847,-1.049],[-45.834,-1.088],[-45.854,-1.115],[-45.882,-1.139],[-45.905,-1.163],[-45.875,-1.148],[-45.869,-1.189],[-45.897,-1.222],[-45.847,-1.209],[-45.88,-1.26],[-45.837,-1.23],[-45.82,-1.19],[-45.801,-1.161],[-45.804,-1.208],[-45.814,-1.255],[-45.839,-1.284],[-45.806,-1.259],[-45.776,-1.275],[-45.769,-1.217],[-45.741,-1.171],[-45.714,-1.127],[-45.68,-1.138],[-45.696,-1.166],[-45.72,-1.192],[-45.733,-1.232],[-45.695,-1.268],[-45.699,-1.308],[-45.728,-1.341],[-45.704,-1.316],[-45.683,-1.341],[-45.709,-1.362],[-45.739,-1.382],[-45.7,-1.358],[-45.717,-1.402],[-45.694,-1.371],[-45.638,-1.372],[-45.616,-1.341],[-45.614,-1.278],[-45.58,-1.257],[-45.588,-1.294],[-45.559,-1.276],[-45.554,-1.318],[-45.519,-1.305],[-45.511,-1.352],[-45.521,-1.396],[-45.489,-1.367],[-45.472,-1.337],[-45.491,-1.379],[-45.466,-1.35],[-45.454,-1.317],[-45.415,-1.29],[-45.405,-1.329],[-45.428,-1.352],[-45.467,-1.373],[-45.477,-1.413],[-45.473,-1.456],[-45.464,-1.493],[-45.481,-1.533],[-45.443,-1.543],[-45.46,-1.482],[-45.448,-1.449],[-45.419,-1.42],[-45.428,-1.465],[-45.405,-1.487],[-45.413,-1.442],[-45.394,-1.415],[-45.365,-1.392],[-45.356,-1.349],[-45.343,-1.307],[-45.31,-1.332],[-45.303,-1.373],[-45.293,-1.421],[-45.354,-1.453],[-45.38,-1.476],[-45.347,-1.488],[-45.366,-1.521],[-45.342,-1.491],[-45.298,-1.494],[-45.31,-1.53],[-45.326,-1.562],[-45.339,-1.598],[-45.355,-1.667],[-45.372,-1.701],[-45.352,-1.736],[-45.335,-1.685],[-45.32,-1.643],[-45.309,-1.6],[-45.275,-1.612],[-45.25,-1.585],[-45.235,-1.556],[-45.207,-1.53],[-45.175,-1.509],[-45.157,-1.471],[-45.136,-1.502],[-45.129,-1.463],[-45.105,-1.416],[-45.105,-1.363],[-45.103,-1.426],[-45.097,-1.468],[-45.095,-1.513],[-45.078,-1.481],[-45.041,-1.492],[-45.004,-1.481],[-44.971,-1.504],[-44.945,-1.476],[-44.914,-1.491],[-44.897,-1.457],[-44.861,-1.446],[-44.841,-1.42],[-44.828,-1.488],[-44.872,-1.48],[-44.886,-1.52],[-44.907,-1.548],[-44.901,-1.588],[-44.866,-1.603],[-44.83,-1.594],[-44.794,-1.615],[-44.798,-1.659],[-44.772,-1.631],[-44.789,-1.591],[-44.764,-1.565],[-44.768,-1.606],[-44.724,-1.571],[-44.719,-1.612],[-44.697,-1.586],[-44.658,-1.595],[-44.647,-1.647],[-44.694,-1.651],[-44.737,-1.655],[-44.761,-1.679],[-44.788,-1.701],[-44.756,-1.728],[-44.784,-1.745],[-44.752,-1.732],[-44.713,-1.724],[-44.748,-1.779],[-44.782,-1.791],[-44.805,-1.814],[-44.764,-1.798],[-44.716,-1.782],[-44.737,-1.808],[-44.709,-1.789],[-44.664,-1.767],[-44.647,-1.735],[-44.593,-1.744],[-44.634,-1.784],[-44.627,-1.822],[-44.599,-1.84],[-44.633,-1.859],[-44.583,-1.859],[-44.594,-1.813],[-44.562,-1.832],[-44.532,-1.848],[-44.555,-1.875],[-44.585,-1.892],[-44.544,-1.9],[-44.502,-1.927],[-44.487,-1.958],[-44.485,-2.002],[-44.474,-2.04],[-44.5,-2.1],[-44.493,-2.139],[-44.453,-2.15],[-44.429,-2.178],[-44.407,-2.205],[-44.391,-2.239],[-44.378,-2.275],[-44.36,-2.317],[-44.37,-2.353],[-44.376,-2.394],[-44.403,-2.413],[-44.374,-2.454],[-44.326,-2.5],[-44.293,-2.485],[-44.245,-2.48],[-44.208,-2.469],[-44.173,-2.457],[-44.143,-2.44],[-44.111,-2.418],[-44.068,-2.404],[-44.023,-2.401],[-44.022,-2.45],[-44.063,-2.438],[-44.095,-2.454],[-44.065,-2.471],[-43.995,-2.466],[-43.958,-2.482],[-43.978,-2.546],[-44.0,-2.578],[-43.96,-2.542],[-43.925,-2.511],[-43.9,-2.462],[-43.867,-2.407],[-43.827,-2.361],[-43.788,-2.342],[-43.756,-2.363],[-43.728,-2.288],[-43.667,-2.257],[-43.632,-2.228],[-43.587,-2.229],[-43.518,-2.342],[-43.492,-2.371],[-43.453,-2.336],[-43.407,-2.331],[-43.34,-2.339],[-43.272,-2.348],[-43.185,-2.373],[-43.105,-2.409],[-43.021,-2.452],[-42.988,-2.468],[-42.951,-2.481],[-42.915,-2.498],[-42.884,-2.513],[-42.843,-2.532],[-42.808,-2.551],[-42.769,-2.562],[-42.737,-2.578],[-42.699,-2.591],[-42.703,-2.636],[-42.69,-2.601],[-42.715,-2.58],[-42.741,-2.556],[-42.676,-2.592],[-42.652,-2.616],[-42.624,-2.639],[-42.598,-2.66],[-42.567,-2.677],[-42.526,-2.684],[-42.492,-2.696],[-42.434,-2.706],[-42.368,-2.71],[-42.329,-2.693],[-42.274,-2.694],[-42.238,-2.667],[-42.212,-2.701],[-42.161,-2.694],[-42.111,-2.693],[-42.068,-2.686],[-42.048,-2.717],[-42.03,-2.744],[-42.01,-2.716],[-41.962,-2.722],[-41.914,-2.721],[-41.859,-2.723],[-41.814,-2.739],[-41.849,-2.773],[-41.841,-2.818],[-41.861,-2.854],[-41.842,-2.911],[-41.808,-2.938],[-41.814,-2.988],[-41.824,-3.024],[-41.861,-3.047],[-41.889,-3.089],[-41.922,-3.108],[-41.931,-3.146],[-41.939,-3.187],[-41.974,-3.212],[-41.995,-3.236],[-42.066,-3.253],[-42.115,-3.262],[-42.102,-3.294],[-42.122,-3.322],[-42.134,-3.356],[-42.152,-3.387],[-42.19,-3.395],[-42.204,-3.435],[-42.272,-3.444],[-42.319,-3.437],[-42.354,-3.448],[-42.392,-3.456],[-42.448,-3.478],[-42.486,-3.471],[-42.529,-3.492],[-42.562,-3.555],[-42.609,-3.586],[-42.622,-3.621],[-42.657,-3.653],[-42.677,-3.681],[-42.668,-3.729],[-42.683,-3.763],[-42.685,-3.807],[-42.721,-3.875],[-42.732,-3.917],[-42.785,-3.958],[-42.798,-3.996],[-42.843,-4.037],[-42.857,-4.077],[-42.876,-4.11],[-42.904,-4.132],[-42.926,-4.156],[-42.982,-4.214],[-42.983,-4.288],[-42.962,-4.334],[-42.958,-4.383],[-42.887,-4.411],[-42.878,-4.449],[-42.854,-4.477],[-42.867,-4.525],[-42.869,-4.57],[-42.91,-4.643],[-42.947,-4.675],[-42.935,-4.713],[-42.925,-4.75],[-42.949,-4.79],[-42.922,-4.822],[-42.895,-4.85],[-42.89,-4.894],[-42.869,-4.922],[-42.861,-4.971],[-42.841,-5.03],[-42.822,-5.086],[-42.813,-5.13],[-42.798,-5.183],[-42.813,-5.215],[-42.822,-5.255],[-42.813,-5.3],[-42.826,-5.347],[-42.865,-5.368],[-42.9,-5.391],[-42.923,-5.428],[-42.962,-5.446],[-42.974,-5.483],[-43.005,-5.542],[-43.026,-5.572],[-43.065,-5.596],[-43.095,-5.614],[-43.082,-5.647],[-43.077,-5.731],[-43.101,-5.765],[-43.091,-5.806],[-43.077,-5.865],[-43.099,-5.901],[-43.087,-5.934],[-43.072,-5.975],[-43.05,-6.001],[-43.075,-6.042],[-43.058,-6.076],[-43.034,-6.111],[-42.993,-6.117],[-42.975,-6.167],[-42.942,-6.19],[-42.916,-6.213],[-42.884,-6.226],[-42.855,-6.253],[-42.849,-6.298],[-42.829,-6.337],[-42.854,-6.364],[-42.869,-6.406],[-42.87,-6.458],[-42.883,-6.494],[-42.889,-6.538],[-42.904,-6.597],[-42.917,-6.637],[-42.949,-6.705],[-42.991,-6.745],[-43.026,-6.761],[-43.065,-6.749],[-43.105,-6.77],[-43.146,-6.783],[-43.204,-6.764],[-43.247,-6.767],[-43.27,-6.791],[-43.307,-6.8],[-43.356,-6.808],[-43.39,-6.827],[-43.42,-6.843],[-43.482,-6.835],[-43.506,-6.8],[-43.542,-6.787],[-43.56,-6.75],[-43.621,-6.735],[-43.672,-6.706],[-43.716,-6.699],[-43.76,-6.702],[-43.802,-6.712],[-43.853,-6.735],[-43.879,-6.757],[-43.924,-6.765],[-43.961,-6.742],[-44.033,-6.76],[-44.06,-6.784],[-44.069,-6.821],[-44.11,-6.803],[-44.098,-6.84],[-44.136,-6.859],[-44.174,-6.893],[-44.192,-6.926],[-44.206,-6.963],[-44.236,-6.998],[-44.264,-7.017],[-44.275,-7.062],[-44.306,-7.117],[-44.357,-7.118],[-44.412,-7.135],[-44.437,-7.155],[-44.486,-7.176],[-44.514,-7.196],[-44.558,-7.226],[-44.579,-7.257],[-44.616,-7.308],[-44.646,-7.326],[-44.671,-7.349],[-44.688,-7.394],[-44.729,-7.391],[-44.781,-7.378],[-44.816,-7.361],[-44.848,-7.386],[-44.869,-7.422],[-44.909,-7.443],[-44.928,-7.471],[-44.969,-7.483],[-45.004,-7.496],[-45.044,-7.511],[-45.084,-7.502],[-45.126,-7.514],[-45.174,-7.528],[-45.204,-7.551],[-45.252,-7.56],[-45.29,-7.57],[-45.339,-7.58],[-45.373,-7.618],[-45.399,-7.64],[-45.425,-7.66],[-45.46,-7.678],[-45.474,-7.714],[-45.486,-7.751],[-45.493,-7.788],[-45.51,-7.82],[-45.525,-7.855],[-45.539,-7.893],[-45.544,-7.939],[-45.556,-7.973],[-45.549,-8.014],[-45.561,-8.048],[-45.583,-8.098],[-45.585,-8.142],[-45.599,-8.175],[-45.66,-8.248],[-45.67,-8.295],[-45.683,-8.329],[-45.694,-8.364],[-45.721,-8.394],[-45.736,-8.441],[-45.746,-8.493],[-45.755,-8.533],[-45.768,-8.57],[-45.794,-8.592],[-45.765,-8.609],[-45.803,-8.622],[-45.819,-8.654],[-45.84,-8.715],[-45.871,-8.731],[-45.891,-8.762],[-45.928,-8.777],[-45.953,-8.807],[-45.959,-8.851],[-45.976,-8.881],[-45.985,-8.918],[-45.98,-8.966],[-45.959,-9.001],[-45.94,-9.032],[-45.929,-9.07],[-45.925,-9.112],[-45.913,-9.167],[-45.899,-9.206],[-45.901,-9.252],[-45.907,-9.298],[-45.891,-9.331],[-45.863,-9.359],[-45.824,-9.375],[-45.797,-9.417],[-45.788,-9.458],[-45.798,-9.495],[-45.821,-9.519],[-45.836,-9.556],[-45.836,-9.602],[-45.825,-9.636],[-45.829,-9.68],[-45.828,-9.724],[-45.821,-9.773],[-45.844,-9.806],[-45.856,-9.842],[-45.863,-9.881],[-45.852,-9.919],[-45.847,-9.962],[-45.862,-10.004],[-45.875,-10.04],[-45.878,-10.11],[-45.897,-10.136],[-45.915,-10.164],[-45.935,-10.19],[-45.955,-10.218],[-45.946,-10.258],[-45.996,-10.25],[-46.019,-10.22],[-46.028,-10.176],[-46.099,-10.212],[-46.164,-10.212],[-46.194,-10.182],[-46.24,-10.171],[-46.301,-10.178],[-46.348,-10.173],[-46.383,-10.12],[-46.418,-10.082],[-46.454,-10.055],[-46.477,-9.988],[-46.465,-9.937],[-46.472,-9.877],[-46.49,-9.848],[-46.512,-9.799],[-46.562,-9.81],[-46.569,-9.769],[-46.596,-9.747],[-46.642,-9.741],[-46.653,-9.693],[-46.613,-9.665],[-46.591,-9.606],[-46.537,-9.557],[-46.575,-9.517],[-46.561,-9.484],[-46.598,-9.474],[-46.649,-9.444],[-46.632,-9.411],[-46.666,-9.392],[-46.71,-9.397],[-46.741,-9.412],[-46.758,-9.381],[-46.781,-9.354],[-46.812,-9.306],[-46.847,-9.292],[-46.826,-9.267],[-46.819,-9.211],[-46.85,-9.191],[-46.86,-9.147],[-46.89,-9.131],[-46.931,-9.12],[-46.919,-9.087],[-46.943,-9.064],[-46.975,-9.081],[-47.01,-9.07],[-47.068,-9.063],[-47.043,-9.026],[-47.031,-8.985]]]]}},{"type":"Feature","properties":{"name":"Minas Gerais"},"geometry":{"type":"MultiPolygon","coordinates":[[[[-44.209,-14.244],[-44.176,-14.263],[-44.136,-14.274],[-44.09,-14.271],[-44.057,-14.284],[-44.015,-14.276],[-43.971,-14.278],[-43.942,-14.305],[-43.904,-14.293],[-43.872,-14.313],[-43.826,-14.316],[-43.8,-14.337],[-43.819,-14.389],[-43.83,-14.436],[-43.873,-14.52],[-43.881,-14.562],[-43.876,-14.609],[-43.883,-14.653],[-43.859,-14.674],[-43.8,-14.687],[-43.759,-14.696],[-43.718,-14.711],[-43.686,-14.727],[-43.638,-14.748],[-43.598,-14.755],[-43.563,-14.77],[-43.534,-14.788],[-43.485,-14.791],[-43.462,-14.765],[-43.445,-14.736],[-43.404,-14.714],[-43.364,-14.699],[-43.332,-14.683],[-43.288,-14.676],[-43.236,-14.656],[-43.196,-14.65],[-43.158,-14.662],[-43.116,-14.678],[-43.083,-14.698],[-43.038,-14.682],[-43.011,-14.701],[-42.952,-14.708],[-42.925,-14.733],[-42.905,-14.761],[-42.867,-14.77],[-42.844,-14.795],[-42.791,-14.839],[-42.748,-14.864],[-42.723,-14.885],[-42.692,-14.902],[-42.657,-14.917],[-42.625,-14.944],[-42.587,-14.93],[-42.56,-14.962],[-42.526,-14.98],[-42.476,-15.017],[-42.439,-15.029],[-42.421,-15.065],[-42.376,-15.071],[-42.355,-15.098],[-42.294,-15.107],[-42.264,-15.125],[-42.227,-15.099],[-42.182,-15.096],[-42.15,-15.12],[-42.116,-15.144],[-42.096,-15.182],[-42.031,-15.166],[-41.987,-15.168],[-41.933,-15.173],[-41.898,-15.152],[-41.871,-15.116],[-41.816,-15.108],[-41.632,-15.25],[-41.464,-15.402],[-41.362,-15.494],[-41.342,-15.637],[-41.331,-15.74],[-41.282,-15.74],[-41.237,-15.737],[-41.198,-15.749],[-41.156,-15.761],[-41.125,-15.744],[-41.085,-15.729],[-41.044,-15.719],[-41.005,-15.713],[-40.979,-15.691],[-40.962,-15.648],[-40.914,-15.661],[-40.893,-15.69],[-40.848,-15.681],[-40.829,-15.648],[-40.791,-15.668],[-40.78,-15.703],[-40.74,-15.694],[-40.707,-15.666],[-40.682,-15.694],[-40.645,-15.728],[-40.606,-15.736],[-40.593,-15.771],[-40.562,-15.803],[-40.518,-15.797],[-40.494,-15.765],[-40.46,-15.753],[-40.432,-15.778],[-40.414,-15.806],[-40.376,-15.823],[-40.327,-15.818],[-40.282,-15.808],[-40.235,-15.804],[-40.218,-15.835],[-40.2,-15.862],[-40.166,-15.877],[-40.14,-15.898],[-40.105,-15.912],[-40.071,-15.926],[-40.061,-15.964],[-40.029,-15.979],[-40.004,-16.001],[-39.963,-15.997],[-39.916,-16.0],[-39.899,-16.049],[-39.876,-16.079],[-39.856,-16.113],[-39.882,-16.144],[-39.883,-16.194],[-39.912,-16.216],[-39.935,-16.245],[-39.916,-16.283],[-39.952,-16.297],[-39.968,-16.327],[-40.011,-16.34],[-40.028,-16.374],[-40.041,-16.407],[-40.062,-16.432],[-40.084,-16.463],[-40.098,-16.422],[-40.113,-16.453],[-40.14,-16.495],[-40.161,-16.523],[-40.155,-16.562],[-40.198,-16.57],[-40.234,-16.558],[-40.275,-16.574],[-40.292,-16.622],[-40.306,-16.668],[-40.307,-16.715],[-40.335,-16.779],[-40.296,-16.796],[-40.257,-16.806],[-40.247,-16.845],[-40.272,-16.87],[-40.294,-16.903],[-40.339,-16.898],[-40.366,-16.874],[-40.401,-16.89],[-40.448,-16.892],[-40.48,-16.876],[-40.504,-16.929],[-40.516,-16.963],[-40.545,-16.984],[-40.556,-17.028],[-40.57,-17.061],[-40.557,-17.095],[-40.57,-17.137],[-40.574,-17.18],[-40.558,-17.23],[-40.562,-17.272],[-40.578,-17.304],[-40.604,-17.323],[-40.599,-17.364],[-40.61,-17.397],[-40.582,-17.415],[-40.554,-17.435],[-40.52,-17.447],[-40.497,-17.479],[-40.486,-17.512],[-40.471,-17.543],[-40.444,-17.578],[-40.414,-17.61],[-40.37,-17.616],[-40.334,-17.632],[-40.308,-17.665],[-40.295,-17.699],[-40.271,-17.726],[-40.224,-17.734],[-40.215,-17.771],[-40.204,-17.805],[-40.186,-17.832],[-40.212,-17.895],[-40.25,-17.915],[-40.242,-17.952],[-40.222,-17.98],[-40.259,-17.968],[-40.289,-17.952],[-40.321,-17.939],[-40.359,-17.927],[-40.404,-17.925],[-40.453,-17.918],[-40.493,-17.909],[-40.522,-17.892],[-40.568,-17.916],[-40.594,-17.936],[-40.621,-17.96],[-40.646,-17.993],[-40.677,-18.012],[-40.716,-18.004],[-40.772,-18.002],[-40.791,-17.971],[-40.828,-17.957],[-40.859,-17.981],[-40.901,-17.985],[-40.773,-18.107],[-40.771,-18.155],[-40.824,-18.149],[-40.863,-18.139],[-40.891,-18.12],[-40.932,-18.136],[-40.962,-18.154],[-41.01,-18.167],[-41.056,-18.166],[-41.092,-18.195],[-41.102,-18.236],[-41.127,-18.276],[-41.151,-18.302],[-41.149,-18.36],[-41.16,-18.402],[-41.182,-18.439],[-41.024,-18.457],[-41.026,-18.528],[-41.042,-18.605],[-41.044,-18.648],[-41.005,-18.667],[-40.967,-18.679],[-40.942,-18.701],[-40.937,-18.772],[-40.917,-18.815],[-40.948,-18.829],[-40.987,-18.839],[-41.083,-18.836],[-41.12,-18.817],[-41.148,-18.796],[-41.232,-18.797],[-41.242,-18.84],[-41.214,-18.877],[-41.166,-18.858],[-41.145,-18.885],[-41.12,-18.908],[-41.096,-18.935],[-41.064,-18.951],[-41.042,-18.977],[-41.066,-19.006],[-41.065,-19.051],[-41.035,-19.071],[-41.006,-19.09],[-40.973,-19.115],[-40.952,-19.142],[-40.941,-19.18],[-40.929,-19.215],[-40.92,-19.251],[-40.944,-19.279],[-40.916,-19.301],[-40.938,-19.347],[-40.957,-19.398],[-40.957,-19.449],[-40.969,-19.492],[-41.009,-19.507],[-41.045,-19.487],[-41.045,-19.538],[-41.057,-19.578],[-41.085,-19.596],[-41.108,-19.638],[-41.138,-19.658],[-41.173,-19.687],[-41.182,-19.732],[-41.171,-19.778],[-41.175,-19.825],[-41.184,-19.888],[-41.228,-19.905],[-41.244,-19.936],[-41.288,-19.939],[-41.311,-19.971],[-41.317,-20.026],[-41.333,-20.058],[-41.346,-20.103],[-41.355,-20.139],[-41.374,-20.168],[-41.401,-20.199],[-41.556,-20.206],[-41.666,-20.206],[-41.754,-20.206],[-41.769,-20.255],[-41.781,-20.292],[-41.811,-20.308],[-41.836,-20.33],[-41.855,-20.364],[-41.835,-20.409],[-41.803,-20.429],[-41.799,-20.477],[-41.81,-20.515],[-41.827,-20.556],[-41.841,-20.596],[-41.817,-20.624],[-41.824,-20.663],[-41.848,-20.686],[-41.861,-20.722],[-41.877,-20.756],[-41.896,-20.789],[-41.935,-20.828],[-41.954,-20.865],[-41.967,-20.899],[-41.998,-20.926],[-42.046,-20.933],[-42.087,-20.939],[-42.115,-20.959],[-42.151,-20.974],[-42.126,-21.003],[-42.085,-21.022],[-42.119,-21.069],[-42.14,-21.102],[-42.17,-21.128],[-42.195,-21.16],[-42.197,-21.204],[-42.189,-21.249],[-42.217,-21.274],[-42.229,-21.308],[-42.232,-21.354],[-42.251,-21.385],[-42.279,-21.41],[-42.286,-21.449],[-42.252,-21.49],[-42.286,-21.527],[-42.31,-21.551],[-42.346,-21.582],[-42.369,-21.619],[-42.346,-21.642],[-42.309,-21.658],[-42.283,-21.68],[-42.271,-21.715],[-42.307,-21.729],[-42.335,-21.746],[-42.379,-21.75],[-42.432,-21.775],[-42.465,-21.787],[-42.558,-21.828],[-42.594,-21.852],[-42.629,-21.862],[-42.667,-21.873],[-42.699,-21.889],[-42.732,-21.904],[-42.766,-21.92],[-42.824,-21.941],[-42.882,-21.96],[-42.909,-21.99],[-42.946,-22.006],[-42.986,-22.03],[-43.025,-22.04],[-43.044,-22.075],[-43.073,-22.093],[-43.122,-22.09],[-43.152,-22.074],[-43.128,-22.046],[-43.163,-22.028],[-43.202,-22.037],[-43.236,-22.022],[-43.273,-22.012],[-43.316,-22.016],[-43.365,-22.011],[-43.419,-22.053],[-43.462,-22.072],[-43.507,-22.074],[-43.555,-22.082],[-43.586,-22.052],[-43.612,-22.081],[-43.644,-22.066],[-43.673,-22.089],[-43.708,-22.077],[-43.741,-22.094],[-43.766,-22.062],[-43.798,-22.081],[-43.843,-22.098],[-43.88,-22.108],[-43.94,-22.132],[-43.978,-22.146],[-44.018,-22.154],[-44.066,-22.162],[-44.104,-22.177],[-44.121,-22.209],[-44.153,-22.226],[-44.189,-22.24],[-44.224,-22.252],[-44.258,-22.266],[-44.284,-22.243],[-44.322,-22.261],[-44.361,-22.253],[-44.387,-22.272],[-44.414,-22.254],[-44.456,-22.257],[-44.494,-22.3],[-44.53,-22.323],[-44.58,-22.327],[-44.626,-22.336],[-44.646,-22.365],[-44.685,-22.372],[-44.724,-22.359],[-44.754,-22.375],[-44.787,-22.388],[-44.808,-22.412],[-44.844,-22.427],[-44.889,-22.432],[-44.94,-22.452],[-44.965,-22.475],[-45.006,-22.466],[-45.06,-22.472],[-45.103,-22.488],[-45.143,-22.506],[-45.165,-22.531],[-45.203,-22.557],[-45.259,-22.582],[-45.274,-22.616],[-45.333,-22.617],[-45.361,-22.638],[-45.395,-22.651],[-45.412,-22.622],[-45.448,-22.604],[-45.481,-22.591],[-45.488,-22.628],[-45.524,-22.646],[-45.573,-22.656],[-45.555,-22.626],[-45.576,-22.602],[-45.605,-22.62],[-45.647,-22.648],[-45.681,-22.636],[-45.664,-22.6],[-45.697,-22.586],[-45.734,-22.597],[-45.708,-22.639],[-45.742,-22.659],[-45.778,-22.683],[-45.811,-22.698],[-45.799,-22.738],[-45.757,-22.721],[-45.721,-22.741],[-45.729,-22.787],[-45.77,-22.805],[-45.775,-22.849],[-45.809,-22.829],[-45.848,-22.837],[-45.863,-22.868],[-45.892,-22.849],[-45.909,-22.817],[-45.937,-22.845],[-45.977,-22.865],[-46.008,-22.889],[-46.051,-22.896],[-46.095,-22.894],[-46.139,-22.922],[-46.144,-22.858],[-46.185,-22.869],[-46.234,-22.881],[-46.279,-22.878],[-46.315,-22.887],[-46.345,-22.904],[-46.373,-22.879],[-46.37,-22.835],[-46.361,-22.788],[-46.332,-22.766],[-46.373,-22.746],[-46.413,-22.737],[-46.452,-22.727],[-46.475,-22.701],[-46.457,-22.672],[-46.421,-22.663],[-46.414,-22.622],[-46.428,-22.583],[-46.411,-22.554],[-46.439,-22.534],[-46.484,-22.519],[-46.542,-22.494],[-46.548,-22.455],[-46.581,-22.441],[-46.631,-22.435],[-46.666,-22.414],[-46.66,-22.366],[-46.69,-22.346],[-46.71,-22.319],[-46.702,-22.277],[-46.69,-22.244],[-46.67,-22.184],[-46.64,-22.157],[-46.601,-22.139],[-46.623,-22.109],[-46.651,-22.091],[-46.7,-22.095],[-46.669,-22.07],[-46.685,-22.037],[-46.654,-22.017],[-46.613,-22.009],[-46.631,-21.981],[-46.653,-21.953],[-46.672,-21.909],[-46.647,-21.88],[-46.666,-21.849],[-46.661,-21.8],[-46.641,-21.771],[-46.625,-21.734],[-46.621,-21.675],[-46.577,-21.684],[-46.556,-21.652],[-46.534,-21.628],[-46.518,-21.593],[-46.503,-21.561],[-46.52,-21.533],[-46.513,-21.494],[-46.52,-21.448],[-46.561,-21.441],[-46.615,-21.441],[-46.633,-21.411],[-46.647,-21.379],[-46.692,-21.382],[-46.737,-21.392],[-46.758,-21.364],[-46.8,-21.371],[-46.835,-21.382],[-46.866,-21.398],[-46.897,-21.414],[-46.934,-21.425],[-46.974,-21.419],[-47.01,-21.405],[-46.996,-21.357],[-47.021,-21.332],[-47.036,-21.294],[-47.051,-21.257],[-47.078,-21.23],[-47.102,-21.203],[-47.121,-21.17],[-47.133,-21.133],[-47.112,-21.108],[-47.142,-21.088],[-47.148,-21.035],[-47.143,-20.982],[-47.171,-20.956],[-47.19,-20.928],[-47.224,-20.911],[-47.227,-20.857],[-47.224,-20.8],[-47.198,-20.775],[-47.182,-20.741],[-47.169,-20.705],[-47.118,-20.707],[-47.102,-20.673],[-47.112,-20.638],[-47.125,-20.604],[-47.142,-20.565],[-47.154,-20.519],[-47.199,-20.503],[-47.229,-20.486],[-47.259,-20.468],[-47.291,-20.449],[-47.285,-20.405],[-47.295,-20.369],[-47.285,-20.332],[-47.276,-20.291],[-47.254,-20.266],[-47.232,-20.227],[-47.254,-20.192],[-47.267,-20.157],[-47.309,-20.124],[-47.347,-20.105],[-47.374,-20.083],[-47.414,-20.068],[-47.443,-20.029],[-47.45,-19.987],[-47.473,-19.962],[-47.508,-19.982],[-47.549,-19.993],[-47.592,-20.007],[-47.614,-20.042],[-47.662,-20.029],[-47.704,-19.979],[-47.751,-19.99],[-47.801,-19.985],[-47.845,-19.992],[-47.875,-20.02],[-47.86,-20.053],[-47.878,-20.103],[-47.911,-20.118],[-47.938,-20.099],[-47.948,-20.055],[-47.976,-20.035],[-47.99,-20.075],[-48.019,-20.12],[-48.049,-20.137],[-48.094,-20.146],[-48.126,-20.131],[-48.158,-20.104],[-48.182,-20.074],[-48.203,-20.045],[-48.24,-20.029],[-48.253,-20.077],[-48.219,-20.115],[-48.246,-20.14],[-48.289,-20.131],[-48.319,-20.113],[-48.358,-20.121],[-48.405,-20.113],[-48.451,-20.125],[-48.491,-20.138],[-48.537,-20.133],[-48.581,-20.132],[-48.626,-20.16],[-48.668,-20.164],[-48.716,-20.154],[-48.781,-20.163],[-48.844,-20.173],[-48.853,-20.212],[-48.872,-20.241],[-48.888,-20.295],[-48.88,-20.348],[-48.868,-20.39],[-48.878,-20.429],[-48.963,-20.403],[-48.964,-20.283],[-48.972,-20.207],[-48.983,-20.174],[-49.019,-20.153],[-49.067,-20.154],[-49.089,-20.211],[-49.12,-20.269],[-49.179,-20.31],[-49.238,-20.287],[-49.259,-20.258],[-49.299,-20.167],[-49.305,-20.117],[-49.307,-20.073],[-49.296,-20.016],[-49.255,-20.003],[-49.265,-19.962],[-49.314,-19.966],[-49.345,-19.983],[-49.411,-19.982],[-49.458,-19.976],[-49.487,-19.955],[-49.503,-19.919],[-49.551,-19.905],[-49.605,-19.916],[-49.641,-19.931],[-49.712,-19.931],[-49.782,-19.924],[-49.83,-19.932],[-49.881,-19.944],[-49.96,-19.92],[-50.012,-19.926],[-50.076,-19.888],[-50.138,-19.875],[-50.2,-19.867],[-50.245,-19.876],[-50.285,-19.867],[-50.336,-19.868],[-50.366,-19.85],[-50.414,-19.803],[-50.454,-19.786],[-50.496,-19.793],[-50.547,-19.81],[-50.586,-19.826],[-50.606,-19.856],[-50.636,-19.875],[-50.656,-19.905],[-50.725,-19.926],[-50.783,-19.937],[-50.817,-19.958],[-50.853,-19.971],[-50.886,-19.989],[-50.927,-20.011],[-50.966,-20.034],[-50.997,-20.08],[-51.017,-20.048],[-51.004,-19.999],[-51.019,-19.967],[-51.001,-19.921],[-51.019,-19.867],[-51.022,-19.807],[-51.039,-19.777],[-51.045,-19.737],[-51.036,-19.687],[-51.016,-19.656],[-50.99,-19.605],[-50.962,-19.581],[-50.923,-19.576],[-50.938,-19.532],[-50.962,-19.5],[-50.935,-19.467],[-50.842,-19.499],[-50.868,-19.433],[-50.86,-19.392],[-50.837,-19.345],[-50.817,-19.289],[-50.788,-19.262],[-50.747,-19.235],[-50.733,-19.186],[-50.68,-19.173],[-50.671,-19.135],[-50.585,-19.137],[-50.549,-19.108],[-50.522,-19.076],[-50.502,-19.04],[-50.5,-18.981],[-50.509,-18.937],[-50.473,-18.92],[-50.441,-18.89],[-50.424,-18.836],[-50.385,-18.817],[-50.352,-18.76],[-50.331,-18.725],[-50.309,-18.698],[-50.269,-18.684],[-50.217,-18.68],[-50.164,-18.664],[-50.08,-18.672],[-50.053,-18.646],[-50.037,-18.61],[-49.981,-18.604],[-49.931,-18.624],[-49.888,-18.611],[-49.852,-18.623],[-49.794,-18.643],[-49.772,-18.615],[-49.724,-18.609],[-49.693,-18.591],[-49.647,-18.601],[-49.628,-18.552],[-49.588,-18.544],[-49.548,-18.538],[-49.535,-18.493],[-49.492,-18.496],[-49.485,-18.544],[-49.432,-18.606],[-49.416,-18.638],[-49.373,-18.632],[-49.343,-18.598],[-49.33,-18.565],[-49.287,-18.54],[-49.249,-18.522],[-49.228,-18.479],[-49.201,-18.458],[-49.211,-18.423],[-49.158,-18.413],[-49.127,-18.383],[-49.098,-18.403],[-49.053,-18.402],[-49.032,-18.372],[-48.991,-18.359],[-48.969,-18.329],[-48.936,-18.306],[-48.889,-18.318],[-48.832,-18.346],[-48.816,-18.379],[-48.783,-18.351],[-48.73,-18.353],[-48.682,-18.343],[-48.641,-18.34],[-48.597,-18.334],[-48.561,-18.323],[-48.531,-18.351],[-48.484,-18.353],[-48.441,-18.36],[-48.403,-18.371],[-48.353,-18.366],[-48.313,-18.384],[-48.288,-18.348],[-48.226,-18.345],[-48.196,-18.364],[-48.16,-18.382],[-48.128,-18.416],[-48.095,-18.428],[-48.061,-18.413],[-48.028,-18.436],[-47.997,-18.454],[-47.969,-18.474],[-47.929,-18.487],[-47.89,-18.476],[-47.865,-18.452],[-47.837,-18.435],[-47.815,-18.406],[-47.779,-18.424],[-47.747,-18.405],[-47.74,-18.363],[-47.702,-18.379],[-47.679,-18.356],[-47.657,-18.327],[-47.611,-18.315],[-47.632,-18.291],[-47.619,-18.255],[-47.59,-18.235],[-47.567,-18.203],[-47.539,-18.227],[-47.518,-18.202],[-47.485,-18.188],[-47.451,-18.159],[-47.418,-18.14],[-47.393,-18.116],[-47.355,-18.105],[-47.322,-18.069],[-47.283,-18.058],[-47.3,-18.027],[-47.315,-17.995],[-47.323,-17.957],[-47.343,-17.922],[-47.358,-17.887],[-47.366,-17.835],[-47.348,-17.798],[-47.332,-17.766],[-47.317,-17.726],[-47.305,-17.691],[-47.27,-17.674],[-47.264,-17.62],[-47.283,-17.577],[-47.309,-17.556],[-47.33,-17.524],[-47.377,-17.52],[-47.446,-17.53],[-47.477,-17.511],[-47.505,-17.493],[-47.535,-17.455],[-47.521,-17.423],[-47.538,-17.388],[-47.514,-17.357],[-47.472,-17.345],[-47.441,-17.323],[-47.421,-17.289],[-47.408,-17.257],[-47.379,-17.236],[-47.36,-17.204],[-47.352,-17.166],[-47.311,-17.146],[-47.276,-17.127],[-47.256,-17.093],[-47.223,-17.08],[-47.191,-17.066],[-47.168,-17.041],[-47.131,-17.01],[-47.142,-16.972],[-47.162,-16.939],[-47.182,-16.902],[-47.2,-16.875],[-47.193,-16.825],[-47.22,-16.806],[-47.229,-16.767],[-47.223,-16.722],[-47.251,-16.705],[-47.259,-16.667],[-47.287,-16.644],[-47.316,-16.616],[-47.343,-16.598],[-47.376,-16.585],[-47.412,-16.575],[-47.434,-16.544],[-47.458,-16.502],[-47.447,-16.464],[-47.429,-16.433],[-47.419,-16.39],[-47.378,-16.346],[-47.358,-16.311],[-47.335,-16.258],[-47.329,-16.216],[-47.332,-16.171],[-47.346,-16.14],[-47.331,-16.107],[-47.311,-16.082],[-47.309,-16.035],[-47.287,-16.009],[-47.241,-16.014],[-47.207,-15.997],[-47.182,-15.977],[-47.157,-15.941],[-47.118,-15.949],[-47.052,-15.937],[-46.957,-15.916],[-46.871,-15.896],[-46.824,-15.885],[-46.805,-15.859],[-46.823,-15.824],[-46.813,-15.787],[-46.827,-15.749],[-46.842,-15.714],[-46.855,-15.682],[-46.858,-15.638],[-46.882,-15.609],[-46.919,-15.588],[-46.943,-15.565],[-46.944,-15.518],[-46.932,-15.483],[-46.913,-15.413],[-46.849,-15.373],[-46.836,-15.322],[-46.873,-15.285],[-46.892,-15.235],[-46.927,-15.255],[-46.935,-15.212],[-46.92,-15.178],[-46.896,-15.13],[-46.913,-15.082],[-46.874,-15.025],[-46.822,-15.01],[-46.781,-15.019],[-46.74,-15.036],[-46.68,-15.06],[-46.656,-15.081],[-46.61,-15.084],[-46.551,-15.063],[-46.508,-15.056],[-46.52,-15.013],[-46.53,-14.96],[-46.546,-14.925],[-46.536,-14.889],[-46.521,-14.851],[-46.558,-14.821],[-46.55,-14.774],[-46.524,-14.745],[-46.503,-14.704],[-46.462,-14.731],[-46.429,-14.752],[-46.386,-14.777],[-46.355,-14.794],[-46.329,-14.813],[-46.314,-14.854],[-46.319,-14.9],[-46.292,-14.921],[-46.247,-14.922],[-46.215,-14.943],[-46.161,-14.929],[-46.12,-14.92],[-46.088,-14.936],[-46.07,-14.908],[-46.042,-14.877],[-46.003,-14.902],[-45.987,-14.941],[-45.966,-14.965],[-45.978,-14.998],[-46.018,-15.081],[-46.037,-15.116],[-46.049,-15.166],[-46.08,-15.182],[-46.119,-15.192],[-46.098,-15.226],[-46.079,-15.254],[-46.047,-15.236],[-46.028,-15.201],[-45.984,-15.196],[-45.972,-15.154],[-45.918,-15.133],[-45.873,-15.157],[-45.835,-15.137],[-45.811,-15.112],[-45.756,-15.118],[-45.723,-15.105],[-45.693,-15.09],[-45.655,-15.048],[-45.622,-15.019],[-45.601,-14.996],[-45.567,-14.956],[-45.533,-14.939],[-45.495,-14.952],[-45.449,-14.942],[-45.425,-14.92],[-45.381,-14.897],[-45.357,-14.876],[-45.322,-14.852],[-45.295,-14.827],[-45.271,-14.798],[-45.231,-14.775],[-45.205,-14.744],[-45.163,-14.732],[-45.132,-14.746],[-45.089,-14.75],[-45.063,-14.726],[-45.046,-14.689],[-45.015,-14.673],[-44.984,-14.654],[-44.957,-14.635],[-44.916,-14.619],[-44.89,-14.597],[-44.862,-14.579],[-44.847,-14.545],[-44.828,-14.518],[-44.804,-14.496],[-44.769,-14.477],[-44.725,-14.457],[-44.699,-14.437],[-44.669,-14.416],[-44.641,-14.396],[-44.616,-14.375],[-44.587,-14.356],[-44.557,-14.337],[-44.518,-14.33],[-44.48,-14.32],[-44.439,-14.303],[-44.41,-14.282],[-44.377,-14.27],[-44.341,-14.256],[-44.291,-14.252],[-44.247,-14.26],[-44.215,-14.233],[-44.209,-14.244]]]]}},{"type":"Feature","properties":{"name":"Mato Grosso do Sul"},"geometry":{"type":"MultiPolygon","coordinates":[[[[-53.874,-17.922],[-53.842,-17.94],[-53.81,-17.96],[-53.786,-17.99],[-53.735,-17.995],[-53.7,-18.005],[-53.671,-17.988],[-53.634,-17.976],[-53.606,-17.995],[-53.575,-18.012],[-53.529,-18.021],[-53.486,-18.04],[-53.459,-18.019],[-53.44,-17.989],[-53.38,-18.008],[-53.335,-18.006],[-53.299,-17.995],[-53.237,-18.007],[-53.205,-18.021],[-53.173,-18.042],[-53.077,-18.039],[-53.125,-18.06],[-53.136,-18.115],[-53.129,-18.16],[-53.11,-18.219],[-53.102,-18.272],[-53.096,-18.315],[-53.069,-18.342],[-53.029,-18.351],[-53.009,-18.323],[-52.979,-18.304],[-52.936,-18.298],[-52.881,-18.312],[-52.821,-18.311],[-52.781,-18.325],[-52.758,-18.348],[-52.78,-18.386],[-52.798,-18.414],[-52.873,-18.428],[-52.899,-18.476],[-52.915,-18.508],[-52.962,-18.54],[-52.951,-18.576],[-52.939,-18.613],[-52.916,-18.634],[-52.873,-18.646],[-52.846,-18.667],[-52.798,-18.674],[-52.757,-18.686],[-52.697,-18.684],[-52.643,-18.688],[-52.598,-18.689],[-52.566,-18.664],[-52.522,-18.668],[-52.475,-18.685],[-52.428,-18.727],[-52.409,-18.755],[-52.385,-18.778],[-52.354,-18.8],[-52.334,-18.828],[-52.264,-18.83],[-52.228,-18.841],[-52.186,-18.845],[-52.165,-18.876],[-52.131,-18.897],[-52.104,-18.918],[-52.081,-18.95],[-52.041,-18.96],[-52.015,-18.982],[-51.981,-18.971],[-51.933,-18.975],[-51.903,-18.994],[-51.883,-19.019],[-51.854,-19.051],[-51.796,-19.066],[-51.762,-19.087],[-51.729,-19.104],[-51.699,-19.119],[-51.657,-19.137],[-51.613,-19.136],[-51.554,-19.132],[-51.512,-19.15],[-51.469,-19.158],[-51.43,-19.171],[-51.4,-19.191],[-51.37,-19.207],[-51.335,-19.222],[-51.297,-19.238],[-51.274,-19.262],[-51.23,-19.264],[-51.187,-19.268],[-51.143,-19.287],[-51.106,-19.308],[-51.067,-19.325],[-51.042,-19.346],[-51.023,-19.381],[-51.003,-19.407],[-50.963,-19.438],[-50.935,-19.467],[-50.962,-19.492],[-50.938,-19.532],[-50.923,-19.576],[-50.962,-19.581],[-50.99,-19.605],[-51.005,-19.637],[-51.036,-19.687],[-51.045,-19.729],[-51.027,-19.756],[-51.022,-19.807],[-51.019,-19.867],[-50.999,-19.906],[-51.012,-19.944],[-51.004,-19.999],[-51.016,-20.041],[-51.0,-20.085],[-51.029,-20.15],[-51.045,-20.189],[-51.058,-20.233],[-51.101,-20.274],[-51.127,-20.292],[-51.167,-20.306],[-51.239,-20.316],[-51.295,-20.328],[-51.343,-20.355],[-51.361,-20.384],[-51.391,-20.427],[-51.409,-20.459],[-51.449,-20.482],[-51.494,-20.553],[-51.523,-20.588],[-51.567,-20.618],[-51.591,-20.641],[-51.628,-20.725],[-51.623,-20.779],[-51.632,-20.821],[-51.625,-20.873],[-51.618,-20.932],[-51.666,-20.97],[-51.713,-20.971],[-51.753,-21.014],[-51.772,-21.048],[-51.789,-21.102],[-51.823,-21.126],[-51.865,-21.13],[-51.875,-21.181],[-51.864,-21.225],[-51.851,-21.263],[-51.861,-21.336],[-51.906,-21.385],[-51.919,-21.422],[-51.939,-21.463],[-51.963,-21.496],[-51.998,-21.515],[-52.057,-21.503],[-52.093,-21.538],[-52.068,-21.598],[-52.049,-21.643],[-52.076,-21.714],[-52.102,-21.745],[-52.14,-21.755],[-52.175,-21.798],[-52.19,-21.846],[-52.232,-21.882],[-52.259,-21.906],[-52.308,-21.951],[-52.345,-22.061],[-52.377,-22.106],[-52.408,-22.141],[-52.457,-22.184],[-52.483,-22.207],[-52.523,-22.229],[-52.579,-22.251],[-52.613,-22.276],[-52.656,-22.303],[-52.695,-22.314],[-52.724,-22.335],[-52.798,-22.378],[-52.839,-22.415],[-52.885,-22.452],[-52.948,-22.473],[-52.998,-22.493],[-53.055,-22.535],[-53.081,-22.558],[-53.108,-22.597],[-53.127,-22.652],[-53.18,-22.713],[-53.239,-22.733],[-53.326,-22.765],[-53.357,-22.779],[-53.4,-22.808],[-53.429,-22.832],[-53.484,-22.863],[-53.534,-22.882],[-53.559,-22.905],[-53.58,-22.932],[-53.607,-22.951],[-53.626,-22.987],[-53.636,-23.125],[-53.66,-23.154],[-53.685,-23.205],[-53.707,-23.264],[-53.73,-23.317],[-53.761,-23.359],[-53.815,-23.385],[-53.876,-23.419],[-53.932,-23.445],[-53.977,-23.453],[-54.004,-23.511],[-54.023,-23.586],[-54.029,-23.628],[-54.044,-23.668],[-54.053,-23.724],[-54.075,-23.764],[-54.083,-23.805],[-54.084,-23.864],[-54.099,-23.946],[-54.129,-23.982],[-54.168,-23.999],[-54.241,-24.051],[-54.287,-24.07],[-54.309,-24.046],[-54.319,-24.008],[-54.359,-24.003],[-54.388,-23.98],[-54.414,-23.96],[-54.427,-23.924],[-54.449,-23.901],[-54.486,-23.891],[-54.522,-23.879],[-54.57,-23.874],[-54.583,-23.841],[-54.625,-23.834],[-54.663,-23.817],[-54.699,-23.84],[-54.721,-23.864],[-54.76,-23.857],[-54.797,-23.873],[-54.837,-23.883],[-54.862,-23.904],[-54.901,-23.909],[-54.93,-23.941],[-54.961,-23.963],[-55.018,-23.97],[-55.053,-23.984],[-55.094,-23.974],[-55.136,-23.985],[-55.178,-23.993],[-55.245,-23.999],[-55.278,-23.983],[-55.304,-23.964],[-55.337,-23.994],[-55.371,-23.98],[-55.404,-23.966],[-55.432,-23.941],[-55.436,-23.891],[-55.439,-23.83],[-55.431,-23.79],[-55.441,-23.753],[-55.446,-23.712],[-55.466,-23.678],[-55.479,-23.643],[-55.509,-23.624],[-55.535,-23.6],[-55.533,-23.555],[-55.546,-23.503],[-55.542,-23.455],[-55.517,-23.409],[-55.512,-23.365],[-55.532,-23.337],[-55.554,-23.314],[-55.547,-23.274],[-55.538,-23.235],[-55.523,-23.197],[-55.543,-23.167],[-55.566,-23.143],[-55.598,-23.121],[-55.616,-23.082],[-55.622,-23.034],[-55.632,-22.995],[-55.639,-22.951],[-55.648,-22.913],[-55.66,-22.878],[-55.658,-22.835],[-55.652,-22.796],[-55.631,-22.768],[-55.613,-22.739],[-55.611,-22.694],[-55.62,-22.652],[-55.637,-22.616],[-55.667,-22.595],[-55.693,-22.574],[-55.721,-22.551],[-55.746,-22.504],[-55.742,-22.462],[-55.737,-22.415],[-55.756,-22.386],[-55.802,-22.372],[-55.819,-22.344],[-55.834,-22.312],[-55.852,-22.281],[-55.896,-22.285],[-55.945,-22.283],[-55.989,-22.28],[-56.042,-22.282],[-56.088,-22.284],[-56.123,-22.271],[-56.158,-22.285],[-56.191,-22.273],[-56.226,-22.261],[-56.247,-22.236],[-56.285,-22.226],[-56.319,-22.213],[-56.344,-22.185],[-56.366,-22.159],[-56.379,-22.116],[-56.39,-22.082],[-56.435,-22.083],[-56.476,-22.088],[-56.508,-22.103],[-56.52,-22.137],[-56.543,-22.163],[-56.557,-22.196],[-56.587,-22.212],[-56.613,-22.237],[-56.635,-22.262],[-56.67,-22.249],[-56.689,-22.219],[-56.71,-22.249],[-56.745,-22.235],[-56.771,-22.257],[-56.804,-22.27],[-56.823,-22.297],[-56.865,-22.286],[-56.878,-22.253],[-56.921,-22.256],[-56.957,-22.239],[-56.996,-22.223],[-57.032,-22.234],[-57.068,-22.244],[-57.111,-22.24],[-57.153,-22.229],[-57.19,-22.216],[-57.217,-22.239],[-57.266,-22.237],[-57.297,-22.221],[-57.322,-22.242],[-57.357,-22.226],[-57.386,-22.208],[-57.425,-22.198],[-57.463,-22.19],[-57.506,-22.185],[-57.55,-22.18],[-57.586,-22.167],[-57.597,-22.132],[-57.609,-22.096],[-57.651,-22.106],[-57.688,-22.088],[-57.715,-22.109],[-57.742,-22.136],[-57.777,-22.126],[-57.802,-22.15],[-57.822,-22.122],[-57.861,-22.13],[-57.903,-22.125],[-57.932,-22.104],[-57.958,-22.082],[-57.985,-22.062],[-58.003,-22.032],[-57.968,-22.009],[-57.954,-21.967],[-57.94,-21.932],[-57.93,-21.886],[-57.948,-21.857],[-57.932,-21.826],[-57.915,-21.795],[-57.933,-21.76],[-57.921,-21.72],[-57.889,-21.698],[-57.908,-21.67],[-57.936,-21.642],[-57.925,-21.604],[-57.944,-21.57],[-57.966,-21.541],[-57.951,-21.502],[-57.926,-21.468],[-57.908,-21.419],[-57.886,-21.38],[-57.862,-21.353],[-57.87,-21.312],[-57.91,-21.295],[-57.894,-21.259],[-57.865,-21.238],[-57.848,-21.209],[-57.854,-21.166],[-57.856,-21.121],[-57.859,-21.075],[-57.854,-21.028],[-57.827,-20.99],[-57.819,-20.942],[-57.86,-20.946],[-57.881,-20.92],[-57.914,-20.903],[-57.897,-20.873],[-57.868,-20.851],[-57.875,-20.807],[-57.908,-20.79],[-57.944,-20.8],[-57.942,-20.753],[-57.905,-20.745],[-57.862,-20.741],[-57.892,-20.698],[-57.911,-20.671],[-57.951,-20.698],[-57.987,-20.681],[-57.97,-20.642],[-58.006,-20.62],[-57.997,-20.573],[-58.01,-20.538],[-58.015,-20.489],[-57.994,-20.454],[-58.011,-20.417],[-58.039,-20.399],[-58.079,-20.377],[-58.096,-20.338],[-58.088,-20.273],[-58.112,-20.25],[-58.139,-20.27],[-58.166,-20.238],[-58.144,-20.211],[-58.159,-20.179],[-58.138,-20.151],[-58.107,-20.13],[-58.074,-20.107],[-58.038,-20.081],[-58.0,-20.056],[-57.97,-20.04],[-57.946,-20.018],[-57.914,-20.034],[-57.887,-20.015],[-57.862,-19.985],[-58.131,-19.758],[-58.007,-19.499],[-57.784,-19.033],[-57.709,-19.031],[-57.697,-18.998],[-57.719,-18.899],[-57.766,-18.899],[-57.557,-18.24],[-57.499,-18.235],[-57.453,-18.231],[-57.477,-18.209],[-57.574,-18.131],[-57.599,-18.046],[-57.623,-18.003],[-57.72,-17.827],[-57.683,-17.818],[-57.719,-17.771],[-57.709,-17.729],[-57.737,-17.701],[-57.758,-17.669],[-57.781,-17.642],[-57.777,-17.601],[-57.794,-17.564],[-57.74,-17.537],[-57.711,-17.555],[-57.697,-17.601],[-57.689,-17.64],[-57.672,-17.67],[-57.684,-17.715],[-57.645,-17.724],[-57.619,-17.746],[-57.6,-17.775],[-57.576,-17.8],[-57.552,-17.827],[-57.509,-17.863],[-57.477,-17.878],[-57.452,-17.902],[-57.421,-17.854],[-57.385,-17.844],[-57.346,-17.834],[-57.311,-17.817],[-57.264,-17.82],[-57.235,-17.788],[-57.174,-17.776],[-57.13,-17.774],[-57.095,-17.76],[-57.073,-17.735],[-57.036,-17.704],[-57.01,-17.672],[-56.986,-17.65],[-56.959,-17.611],[-56.982,-17.58],[-56.946,-17.56],[-56.917,-17.541],[-56.875,-17.533],[-56.866,-17.495],[-56.847,-17.464],[-56.831,-17.435],[-56.828,-17.391],[-56.785,-17.387],[-56.764,-17.36],[-56.744,-17.327],[-56.702,-17.318],[-56.663,-17.338],[-56.628,-17.323],[-56.584,-17.329],[-56.544,-17.319],[-56.511,-17.306],[-56.467,-17.302],[-56.443,-17.33],[-56.408,-17.316],[-56.383,-17.289],[-56.355,-17.267],[-56.323,-17.285],[-56.286,-17.27],[-56.269,-17.239],[-56.237,-17.222],[-56.201,-17.209],[-56.17,-17.188],[-56.133,-17.18],[-56.084,-17.177],[-56.045,-17.171],[-56.016,-17.19],[-56.01,-17.239],[-55.973,-17.253],[-55.939,-17.277],[-55.886,-17.265],[-55.858,-17.283],[-55.828,-17.305],[-55.784,-17.33],[-55.74,-17.337],[-55.701,-17.354],[-55.656,-17.338],[-55.626,-17.364],[-55.585,-17.373],[-55.585,-17.422],[-55.549,-17.448],[-55.522,-17.472],[-55.483,-17.478],[-55.458,-17.499],[-55.423,-17.509],[-55.387,-17.519],[-55.353,-17.531],[-55.315,-17.546],[-55.28,-17.563],[-55.25,-17.584],[-55.218,-17.607],[-55.19,-17.624],[-55.161,-17.641],[-55.113,-17.644],[-55.072,-17.631],[-55.032,-17.64],[-54.992,-17.633],[-54.954,-17.615],[-54.907,-17.61],[-54.86,-17.623],[-54.824,-17.609],[-54.8,-17.582],[-54.758,-17.565],[-54.748,-17.522],[-54.7,-17.506],[-54.658,-17.498],[-54.62,-17.488],[-54.581,-17.468],[-54.554,-17.488],[-54.503,-17.48],[-54.474,-17.498],[-54.438,-17.534],[-54.405,-17.553],[-54.381,-17.575],[-54.387,-17.631],[-54.355,-17.65],[-54.319,-17.662],[-54.269,-17.652],[-54.243,-17.628],[-54.207,-17.615],[-54.168,-17.608],[-54.122,-17.613],[-54.077,-17.615],[-54.051,-17.562],[-54.057,-17.52],[-54.037,-17.486],[-53.994,-17.468],[-53.952,-17.459],[-53.929,-17.433],[-53.899,-17.401],[-53.878,-17.375],[-53.831,-17.355],[-53.82,-17.294],[-53.771,-17.263],[-53.747,-17.242],[-53.708,-17.228],[-53.68,-17.253],[-53.706,-17.662],[-53.746,-17.671],[-53.798,-17.67],[-53.841,-17.691],[-53.86,-17.72],[-53.883,-17.743],[-53.895,-17.777],[-53.912,-17.806],[-53.941,-17.84],[-53.952,-17.875],[-53.948,-17.923],[-53.911,-17.914],[-53.874,-17.922]]]]}},{"type":"Feature","properties":{"name":"Mato Grosso"},"geometry":{"type":"MultiPolygon","coordinates":[[[[-60.361,-13.299],[-60.338,-13.272],[-60.328,-13.231],[-60.308,-13.199],[-60.268,-13.145],[-60.282,-13.106],[-60.257,-13.062],[-60.237,-13.035],[-60.213,-13.007],[-60.192,-12.982],[-60.156,-12.968],[-60.117,-12.959],[-60.105,-12.919],[-60.082,-12.89],[-60.084,-12.837],[-60.077,-12.799],[-60.085,-12.748],[-60.076,-12.688],[-60.062,-12.64],[-60.042,-12.6],[-60.026,-12.561],[-60.0,-12.536],[-59.957,-12.502],[-59.925,-12.481],[-59.868,-12.482],[-59.841,-12.459],[-59.837,-12.416],[-59.819,-12.384],[-59.795,-12.349],[-59.831,-12.292],[-59.886,-12.245],[-59.901,-12.215],[-59.9,-12.167],[-59.901,-12.115],[-59.926,-12.086],[-59.951,-12.065],[-59.969,-12.032],[-59.979,-11.991],[-59.983,-11.95],[-59.995,-11.909],[-60.027,-11.895],[-60.073,-11.884],[-60.089,-11.855],[-60.103,-11.819],[-60.108,-11.775],[-60.116,-11.729],[-60.119,-11.686],[-60.117,-11.643],[-60.11,-11.595],[-60.092,-11.568],[-60.057,-11.542],[-60.036,-11.513],[-60.015,-11.488],[-59.985,-11.469],[-59.952,-11.436],[-59.925,-11.415],[-59.921,-11.374],[-59.927,-11.31],[-59.959,-11.294],[-59.967,-11.253],[-59.984,-11.215],[-59.963,-11.189],[-59.988,-11.161],[-59.976,-11.122],[-60.015,-11.116],[-60.066,-11.125],[-60.084,-11.096],[-60.12,-11.107],[-60.159,-11.095],[-60.191,-11.114],[-60.233,-11.1],[-60.28,-11.091],[-60.301,-11.057],[-60.334,-11.082],[-60.37,-11.099],[-60.404,-11.069],[-60.429,-11.037],[-60.45,-11.008],[-60.831,-10.989],[-60.97,-10.988],[-61.428,-10.987],[-61.55,-10.986],[-61.527,-10.957],[-61.514,-10.907],[-61.522,-10.845],[-61.503,-10.808],[-61.48,-10.785],[-61.488,-10.736],[-61.498,-10.7],[-61.482,-10.669],[-61.489,-10.629],[-61.477,-10.59],[-61.466,-10.541],[-61.48,-10.487],[-61.469,-10.45],[-61.476,-10.41],[-61.503,-10.376],[-61.516,-10.334],[-61.548,-10.316],[-61.571,-10.259],[-61.573,-10.209],[-61.559,-10.175],[-61.596,-10.162],[-61.59,-10.123],[-61.583,-10.082],[-61.555,-10.038],[-61.54,-10.0],[-61.532,-9.952],[-61.524,-9.906],[-61.507,-9.861],[-61.518,-9.823],[-61.538,-9.793],[-61.532,-9.749],[-61.567,-9.727],[-61.532,-9.711],[-61.505,-9.691],[-61.48,-9.64],[-61.502,-9.615],[-61.496,-9.574],[-61.507,-9.54],[-61.549,-9.515],[-61.569,-9.476],[-61.562,-9.437],[-61.552,-9.387],[-61.597,-9.367],[-61.625,-9.339],[-61.612,-9.28],[-61.595,-9.251],[-61.543,-9.243],[-61.52,-9.195],[-61.535,-9.162],[-61.555,-9.13],[-61.55,-9.079],[-61.535,-9.047],[-61.513,-8.988],[-61.491,-8.941],[-61.468,-8.917],[-61.492,-8.884],[-61.512,-8.85],[-61.526,-8.816],[-61.568,-8.801],[-61.184,-8.798],[-60.848,-8.798],[-60.747,-8.797],[-60.419,-8.796],[-59.856,-8.8],[-59.704,-8.801],[-59.127,-8.803],[-58.5,-8.802],[-58.442,-8.799],[-58.395,-8.78],[-58.354,-8.737],[-58.326,-8.72],[-58.381,-8.705],[-58.433,-8.71],[-58.414,-8.643],[-58.391,-8.603],[-58.41,-8.57],[-58.405,-8.53],[-58.417,-8.492],[-58.398,-8.464],[-58.382,-8.434],[-58.353,-8.392],[-58.348,-8.346],[-58.318,-8.33],[-58.328,-8.285],[-58.321,-8.232],[-58.319,-8.184],[-58.298,-8.141],[-58.29,-8.098],[-58.316,-8.033],[-58.324,-7.992],[-58.355,-7.944],[-58.373,-7.907],[-58.379,-7.857],[-58.333,-7.804],[-58.294,-7.772],[-58.281,-7.718],[-58.253,-7.678],[-58.231,-7.646],[-58.202,-7.621],[-58.216,-7.555],[-58.213,-7.493],[-58.173,-7.394],[-58.14,-7.363],[-58.066,-7.391],[-58.035,-7.454],[-58.002,-7.488],[-57.972,-7.534],[-57.944,-7.605],[-57.939,-7.653],[-57.905,-7.666],[-57.873,-7.801],[-57.84,-7.861],[-57.833,-7.928],[-57.828,-7.973],[-57.803,-8.003],[-57.776,-8.052],[-57.728,-8.094],[-57.719,-8.146],[-57.679,-8.171],[-57.643,-8.213],[-57.662,-8.267],[-57.672,-8.308],[-57.669,-8.363],[-57.686,-8.407],[-57.651,-8.471],[-57.639,-8.512],[-57.65,-8.553],[-57.63,-8.585],[-57.624,-8.638],[-57.593,-8.707],[-57.592,-8.756],[-57.53,-8.748],[-57.484,-8.769],[-57.452,-8.786],[-57.416,-8.795],[-57.42,-8.849],[-57.38,-8.881],[-57.315,-8.887],[-57.286,-8.915],[-57.248,-8.906],[-57.212,-8.916],[-57.138,-8.994],[-57.094,-9.017],[-57.078,-9.052],[-57.056,-9.082],[-57.041,-9.115],[-57.056,-9.147],[-57.039,-9.197],[-57.011,-9.222],[-56.952,-9.223],[-56.872,-9.239],[-56.82,-9.246],[-56.794,-9.292],[-56.775,-9.329],[-56.769,-9.378],[-56.735,-9.395],[-56.711,-9.374],[-56.671,-9.367],[-56.273,-9.4],[-56.156,-9.41],[-55.792,-9.44],[-54.995,-9.505],[-54.879,-9.514],[-54.613,-9.535],[-54.336,-9.555],[-54.106,-9.572],[-53.588,-9.611],[-53.335,-9.629],[-53.133,-9.644],[-52.619,-9.682],[-52.359,-9.7],[-52.255,-9.707],[-51.952,-9.728],[-51.304,-9.772],[-51.049,-9.787],[-50.842,-9.8],[-50.224,-9.841],[-50.243,-9.871],[-50.264,-9.908],[-50.278,-9.955],[-50.29,-9.99],[-50.302,-10.035],[-50.339,-10.061],[-50.359,-10.094],[-50.385,-10.122],[-50.398,-10.164],[-50.382,-10.221],[-50.398,-10.254],[-50.423,-10.33],[-50.438,-10.373],[-50.473,-10.404],[-50.487,-10.468],[-50.516,-10.505],[-50.521,-10.549],[-50.537,-10.605],[-50.582,-10.644],[-50.602,-10.673],[-50.585,-10.704],[-50.574,-10.741],[-50.59,-10.786],[-50.612,-10.81],[-50.619,-10.864],[-50.6,-10.9],[-50.627,-10.927],[-50.62,-10.969],[-50.617,-11.032],[-50.613,-11.075],[-50.637,-11.1],[-50.659,-11.13],[-50.659,-11.187],[-50.658,-11.247],[-50.67,-11.284],[-50.696,-11.304],[-50.705,-11.341],[-50.728,-11.382],[-50.739,-11.435],[-50.739,-11.499],[-50.716,-11.578],[-50.675,-11.582],[-50.658,-11.617],[-50.663,-11.672],[-50.69,-11.7],[-50.721,-11.731],[-50.707,-11.768],[-50.694,-11.814],[-50.686,-11.859],[-50.639,-11.884],[-50.659,-11.914],[-50.655,-11.955],[-50.676,-11.985],[-50.685,-12.033],[-50.667,-12.064],[-50.676,-12.123],[-50.679,-12.184],[-50.655,-12.218],[-50.632,-12.268],[-50.648,-12.299],[-50.641,-12.337],[-50.63,-12.373],[-50.625,-12.421],[-50.642,-12.452],[-50.652,-12.494],[-50.665,-12.537],[-50.686,-12.569],[-50.668,-12.596],[-50.706,-12.609],[-50.682,-12.647],[-50.646,-12.663],[-50.638,-12.701],[-50.623,-12.734],[-50.636,-12.771],[-50.626,-12.811],[-50.579,-12.802],[-50.566,-12.843],[-50.52,-12.836],[-50.502,-12.873],[-50.516,-12.913],[-50.525,-12.976],[-50.556,-13.002],[-50.587,-13.024],[-50.605,-13.056],[-50.59,-13.109],[-50.599,-13.146],[-50.603,-13.194],[-50.584,-13.223],[-50.605,-13.277],[-50.612,-13.317],[-50.638,-13.345],[-50.665,-13.376],[-50.663,-13.424],[-50.691,-13.462],[-50.715,-13.491],[-50.745,-13.507],[-50.768,-13.597],[-50.787,-13.648],[-50.803,-13.691],[-50.83,-13.712],[-50.866,-13.726],[-50.853,-13.765],[-50.853,-13.811],[-50.841,-13.862],[-50.843,-13.915],[-50.862,-13.956],[-50.849,-14.0],[-50.831,-14.073],[-50.848,-14.11],[-50.88,-14.126],[-50.913,-14.111],[-50.913,-14.169],[-50.937,-14.21],[-50.961,-14.249],[-50.975,-14.29],[-50.969,-14.333],[-50.989,-14.362],[-50.999,-14.419],[-50.987,-14.457],[-50.97,-14.491],[-50.997,-14.579],[-51.019,-14.661],[-51.027,-14.706],[-51.049,-14.735],[-51.042,-14.784],[-51.068,-14.81],[-51.089,-14.841],[-51.091,-14.891],[-51.109,-14.929],[-51.146,-14.959],[-51.198,-15.004],[-51.242,-15.035],[-51.29,-15.034],[-51.3,-14.997],[-51.322,-14.971],[-51.35,-14.991],[-51.376,-15.012],[-51.426,-15.008],[-51.452,-15.034],[-51.477,-15.056],[-51.522,-15.058],[-51.552,-15.105],[-51.583,-15.13],[-51.607,-15.163],[-51.652,-15.179],[-51.668,-15.246],[-51.678,-15.29],[-51.686,-15.345],[-51.689,-15.398],[-51.708,-15.456],[-51.725,-15.502],[-51.727,-15.55],[-51.761,-15.531],[-51.753,-15.61],[-51.803,-15.709],[-51.826,-15.737],[-51.844,-15.765],[-51.866,-15.794],[-51.881,-15.826],[-51.946,-15.81],[-51.972,-15.837],[-51.996,-15.873],[-52.058,-15.887],[-52.102,-15.886],[-52.192,-15.882],[-52.235,-15.889],[-52.258,-15.932],[-52.289,-15.966],[-52.31,-16.007],[-52.321,-16.043],[-52.35,-16.084],[-52.397,-16.093],[-52.437,-16.11],[-52.471,-16.126],[-52.5,-16.142],[-52.532,-16.158],[-52.55,-16.189],[-52.566,-16.225],[-52.546,-16.258],[-52.586,-16.267],[-52.623,-16.287],[-52.673,-16.296],[-52.682,-16.343],[-52.688,-16.396],[-52.65,-16.408],[-52.629,-16.442],[-52.604,-16.464],[-52.612,-16.502],[-52.634,-16.538],[-52.668,-16.55],[-52.69,-16.584],[-52.739,-16.589],[-52.715,-16.639],[-52.746,-16.655],[-52.761,-16.706],[-52.787,-16.73],[-52.823,-16.758],[-52.854,-16.773],[-52.894,-16.785],[-52.914,-16.812],[-52.952,-16.841],[-52.989,-16.864],[-53.016,-16.884],[-53.039,-16.912],[-53.044,-16.953],[-53.057,-17.009],[-53.07,-17.042],[-53.072,-17.085],[-53.101,-17.102],[-53.127,-17.144],[-53.149,-17.167],[-53.167,-17.21],[-53.18,-17.244],[-53.196,-17.275],[-53.218,-17.299],[-53.206,-17.333],[-53.196,-17.368],[-53.212,-17.403],[-53.228,-17.438],[-53.236,-17.483],[-53.242,-17.523],[-53.24,-17.57],[-53.246,-17.611],[-53.248,-17.655],[-53.24,-17.694],[-53.207,-17.727],[-53.187,-17.752],[-53.159,-17.786],[-53.136,-17.837],[-53.132,-17.881],[-53.1,-17.936],[-53.076,-17.968],[-53.071,-18.039],[-53.153,-18.041],[-53.194,-18.029],[-53.237,-18.007],[-53.299,-17.995],[-53.335,-18.006],[-53.38,-18.008],[-53.411,-17.993],[-53.453,-17.999],[-53.467,-18.034],[-53.513,-18.026],[-53.547,-18.014],[-53.589,-18.005],[-53.615,-17.978],[-53.661,-17.977],[-53.69,-18.002],[-53.735,-17.995],[-53.779,-17.998],[-53.804,-17.974],[-53.824,-17.948],[-53.85,-17.929],[-53.885,-17.913],[-53.929,-17.915],[-53.955,-17.883],[-53.941,-17.848],[-53.918,-17.813],[-53.902,-17.784],[-53.888,-17.749],[-53.86,-17.72],[-53.841,-17.691],[-53.806,-17.672],[-53.746,-17.671],[-53.706,-17.662],[-53.68,-17.253],[-53.708,-17.228],[-53.747,-17.242],[-53.771,-17.263],[-53.797,-17.287],[-53.834,-17.335],[-53.858,-17.364],[-53.884,-17.386],[-53.914,-17.414],[-53.943,-17.448],[-53.973,-17.472],[-54.025,-17.478],[-54.049,-17.506],[-54.051,-17.562],[-54.073,-17.587],[-54.098,-17.613],[-54.141,-17.61],[-54.178,-17.602],[-54.213,-17.62],[-54.247,-17.634],[-54.288,-17.655],[-54.335,-17.661],[-54.387,-17.631],[-54.38,-17.594],[-54.402,-17.564],[-54.421,-17.537],[-54.466,-17.529],[-54.483,-17.494],[-54.519,-17.481],[-54.563,-17.479],[-54.609,-17.486],[-54.654,-17.49],[-54.695,-17.503],[-54.73,-17.515],[-54.756,-17.534],[-54.778,-17.571],[-54.821,-17.597],[-54.851,-17.613],[-54.894,-17.621],[-54.943,-17.609],[-54.978,-17.624],[-55.018,-17.634],[-55.056,-17.642],[-55.097,-17.628],[-55.127,-17.652],[-55.163,-17.642],[-55.193,-17.623],[-55.225,-17.609],[-55.25,-17.585],[-55.269,-17.556],[-55.299,-17.541],[-55.339,-17.548],[-55.371,-17.522],[-55.411,-17.513],[-55.453,-17.507],[-55.472,-17.481],[-55.524,-17.481],[-55.547,-17.455],[-55.574,-17.434],[-55.585,-17.398],[-55.603,-17.367],[-55.635,-17.353],[-55.675,-17.34],[-55.722,-17.348],[-55.761,-17.323],[-55.804,-17.309],[-55.835,-17.291],[-55.874,-17.268],[-55.917,-17.264],[-55.955,-17.257],[-55.99,-17.246],[-56.012,-17.222],[-56.032,-17.185],[-56.066,-17.174],[-56.113,-17.167],[-56.136,-17.189],[-56.177,-17.196],[-56.205,-17.214],[-56.251,-17.219],[-56.272,-17.243],[-56.294,-17.271],[-56.334,-17.282],[-56.383,-17.289],[-56.408,-17.316],[-56.443,-17.33],[-56.465,-17.308],[-56.501,-17.286],[-56.526,-17.319],[-56.571,-17.315],[-56.605,-17.328],[-56.647,-17.317],[-56.688,-17.321],[-56.724,-17.308],[-56.756,-17.326],[-56.779,-17.367],[-56.828,-17.391],[-56.819,-17.431],[-56.834,-17.463],[-56.861,-17.483],[-56.872,-17.521],[-56.903,-17.535],[-56.942,-17.551],[-56.968,-17.574],[-56.981,-17.611],[-56.988,-17.659],[-57.019,-17.685],[-57.044,-17.73],[-57.077,-17.744],[-57.098,-17.77],[-57.146,-17.767],[-57.2,-17.788],[-57.242,-17.797],[-57.274,-17.816],[-57.316,-17.82],[-57.353,-17.837],[-57.391,-17.845],[-57.438,-17.871],[-57.461,-17.898],[-57.477,-17.869],[-57.534,-17.853],[-57.558,-17.815],[-57.603,-17.803],[-57.614,-17.766],[-57.64,-17.717],[-57.684,-17.715],[-57.67,-17.681],[-57.682,-17.647],[-57.702,-17.601],[-57.711,-17.555],[-57.74,-17.536],[-57.883,-17.449],[-57.969,-17.504],[-58.011,-17.5],[-58.044,-17.484],[-58.059,-17.452],[-58.109,-17.453],[-58.122,-17.414],[-58.151,-17.384],[-58.197,-17.384],[-58.219,-17.36],[-58.256,-17.346],[-58.277,-17.32],[-58.297,-17.294],[-58.317,-17.266],[-58.337,-17.24],[-58.356,-17.212],[-58.383,-17.192],[-58.396,-17.152],[-58.385,-17.115],[-58.428,-17.105],[-58.432,-17.059],[-58.435,-17.007],[-58.447,-16.971],[-58.46,-16.937],[-58.468,-16.898],[-58.461,-16.849],[-58.477,-16.815],[-58.458,-16.785],[-58.47,-16.75],[-58.47,-16.703],[-58.46,-16.666],[-58.451,-16.626],[-58.435,-16.592],[-58.411,-16.569],[-58.385,-16.543],[-58.349,-16.522],[-58.333,-16.49],[-58.347,-16.454],[-58.351,-16.412],[-58.322,-16.38],[-58.304,-16.338],[-58.316,-16.29],[-58.345,-16.272],[-58.388,-16.261],[-58.399,-16.302],[-58.43,-16.321],[-58.785,-16.306],[-59.469,-16.279],[-59.536,-16.278],[-59.761,-16.273],[-59.822,-16.272],[-59.914,-16.27],[-60.032,-16.268],[-60.128,-16.266],[-60.228,-15.586],[-60.238,-15.473],[-60.499,-15.179],[-60.522,-15.156],[-60.547,-15.127],[-60.5,-15.096],[-60.244,-15.096],[-60.272,-14.62],[-60.316,-14.612],[-60.331,-14.567],[-60.339,-14.526],[-60.356,-14.492],[-60.375,-14.465],[-60.39,-14.434],[-60.402,-14.397],[-60.407,-14.356],[-60.433,-14.335],[-60.456,-14.304],[-60.464,-14.265],[-60.466,-14.218],[-60.486,-14.192],[-60.474,-14.154],[-60.483,-14.116],[-60.461,-14.093],[-60.433,-14.069],[-60.416,-14.04],[-60.401,-14.008],[-60.418,-13.974],[-60.433,-13.938],[-60.452,-13.911],[-60.473,-13.885],[-60.455,-13.855],[-60.478,-13.831],[-60.467,-13.795],[-60.511,-13.791],[-60.547,-13.77],[-60.578,-13.755],[-60.607,-13.736],[-60.652,-13.731],[-60.683,-13.716],[-60.708,-13.692],[-60.697,-13.657],[-60.674,-13.617],[-60.645,-13.592],[-60.611,-13.566],[-60.555,-13.553],[-60.531,-13.526],[-60.506,-13.502],[-60.465,-13.489],[-60.411,-13.461],[-60.382,-13.441],[-60.376,-13.397],[-60.371,-13.348],[-60.361,-13.308],[-60.361,-13.299]]]]}},{"type":"Feature","properties":{"name":"Par\u00e1"},"geometry":{"type":"MultiPolygon","coordinates":[[[[-46.951,-0.734],[-46.967,-0.769],[-46.946,-0.798],[-46.932,-0.846],[-46.912,-0.818],[-46.882,-0.802],[-46.872,-0.758],[-46.845,-0.735],[-46.832,-0.779],[-46.846,-0.818],[-46.85,-0.864],[-46.826,-0.841],[-46.826,-0.888],[-46.802,-0.865],[-46.788,-0.9],[-46.792,-0.857],[-46.767,-0.836],[-46.741,-0.858],[-46.733,-0.902],[-46.725,-0.845],[-46.685,-0.851],[-46.678,-0.806],[-46.651,-0.783],[-46.622,-0.815],[-46.61,-0.849],[-46.633,-0.876],[-46.634,-0.928],[-46.666,-0.945],[-46.637,-0.965],[-46.601,-0.951],[-46.564,-0.942],[-46.551,-0.904],[-46.543,-0.945],[-46.523,-0.918],[-46.511,-0.884],[-46.471,-0.891],[-46.441,-0.87],[-46.459,-0.903],[-46.483,-0.931],[-46.5,-0.973],[-46.464,-0.999],[-46.482,-1.037],[-46.45,-1.019],[-46.412,-1.039],[-46.419,-0.996],[-46.392,-1.017],[-46.375,-1.052],[-46.363,-1.006],[-46.333,-1.037],[-46.348,-1.072],[-46.305,-1.084],[-46.333,-1.061],[-46.32,-1.022],[-46.297,-1.047],[-46.307,-1.009],[-46.271,-0.991],[-46.268,-0.943],[-46.251,-0.912],[-46.213,-0.896],[-46.186,-0.914],[-46.21,-0.937],[-46.218,-0.975],[-46.247,-0.995],[-46.215,-0.979],[-46.222,-1.021],[-46.209,-1.058],[-46.235,-1.083],[-46.261,-1.123],[-46.277,-1.169],[-46.25,-1.14],[-46.231,-1.097],[-46.198,-1.07],[-46.187,-1.017],[-46.161,-0.996],[-46.158,-1.04],[-46.173,-1.075],[-46.185,-1.11],[-46.172,-1.146],[-46.169,-1.096],[-46.147,-1.125],[-46.151,-1.079],[-46.104,-1.041],[-46.082,-1.016],[-46.094,-1.051],[-46.09,-1.094],[-46.087,-1.157],[-46.098,-1.196],[-46.151,-1.224],[-46.162,-1.278],[-46.14,-1.309],[-46.106,-1.332],[-46.117,-1.367],[-46.131,-1.4],[-46.156,-1.421],[-46.176,-1.475],[-46.154,-1.502],[-46.132,-1.578],[-46.16,-1.624],[-46.153,-1.676],[-46.191,-1.704],[-46.218,-1.727],[-46.261,-1.728],[-46.311,-1.733],[-46.323,-1.769],[-46.307,-1.804],[-46.257,-1.793],[-46.215,-1.818],[-46.225,-1.857],[-46.218,-1.913],[-46.233,-1.967],[-46.249,-2.0],[-46.259,-2.043],[-46.277,-2.078],[-46.272,-2.12],[-46.297,-2.143],[-46.316,-2.176],[-46.338,-2.202],[-46.367,-2.229],[-46.392,-2.25],[-46.432,-2.239],[-46.421,-2.289],[-46.432,-2.326],[-46.463,-2.36],[-46.411,-2.362],[-46.427,-2.399],[-46.439,-2.446],[-46.432,-2.488],[-46.415,-2.524],[-46.466,-2.543],[-46.501,-2.556],[-46.507,-2.602],[-46.54,-2.622],[-46.584,-2.637],[-46.62,-2.666],[-46.65,-2.682],[-46.671,-2.711],[-46.65,-2.757],[-46.636,-2.793],[-46.599,-2.804],[-46.584,-2.834],[-46.61,-2.855],[-46.641,-2.877],[-46.68,-2.892],[-46.661,-2.918],[-46.648,-2.961],[-46.661,-2.994],[-46.674,-3.033],[-46.681,-3.073],[-46.706,-3.098],[-46.729,-3.121],[-46.737,-3.16],[-46.773,-3.175],[-46.757,-3.208],[-46.782,-3.241],[-46.81,-3.267],[-46.813,-3.309],[-46.849,-3.318],[-46.879,-3.344],[-46.904,-3.364],[-46.942,-3.375],[-46.943,-3.422],[-46.956,-3.461],[-46.978,-3.491],[-46.989,-3.529],[-47.018,-3.547],[-47.03,-3.58],[-47.048,-3.619],[-47.051,-3.662],[-47.045,-3.708],[-47.054,-3.747],[-47.062,-3.787],[-47.079,-3.819],[-47.088,-3.855],[-47.117,-3.878],[-47.139,-3.902],[-47.17,-3.921],[-47.181,-3.959],[-47.206,-3.987],[-47.245,-4.012],[-47.272,-4.032],[-47.303,-4.052],[-47.332,-4.07],[-47.348,-4.108],[-47.347,-4.157],[-47.36,-4.189],[-47.379,-4.22],[-47.397,-4.261],[-47.429,-4.275],[-47.473,-4.314],[-47.486,-4.364],[-47.502,-4.393],[-47.518,-4.427],[-47.563,-4.475],[-47.581,-4.52],[-47.608,-4.548],[-47.637,-4.571],[-47.68,-4.608],[-47.724,-4.606],[-47.77,-4.593],[-47.816,-4.614],[-48.026,-4.779],[-48.058,-4.804],[-48.194,-4.911],[-48.396,-5.07],[-48.437,-5.083],[-48.644,-5.262],[-48.755,-5.349],[-48.731,-5.375],[-48.68,-5.378],[-48.643,-5.389],[-48.603,-5.419],[-48.557,-5.416],[-48.51,-5.429],[-48.464,-5.412],[-48.419,-5.401],[-48.373,-5.402],[-48.346,-5.437],[-48.333,-5.478],[-48.3,-5.523],[-48.27,-5.544],[-48.231,-5.55],[-48.194,-5.563],[-48.138,-5.602],[-48.151,-5.669],[-48.174,-5.709],[-48.22,-5.728],[-48.272,-5.725],[-48.294,-5.756],[-48.291,-5.833],[-48.273,-5.866],[-48.245,-5.896],[-48.23,-5.926],[-48.248,-5.957],[-48.292,-5.968],[-48.321,-5.985],[-48.338,-6.02],[-48.302,-6.047],[-48.284,-6.076],[-48.298,-6.111],[-48.329,-6.133],[-48.365,-6.147],[-48.408,-6.153],[-48.431,-6.177],[-48.425,-6.233],[-48.412,-6.281],[-48.39,-6.321],[-48.382,-6.379],[-48.424,-6.357],[-48.5,-6.351],[-48.524,-6.373],[-48.547,-6.405],[-48.613,-6.453],[-48.63,-6.484],[-48.646,-6.523],[-48.663,-6.557],[-48.652,-6.612],[-48.66,-6.657],[-48.686,-6.679],[-48.736,-6.692],[-48.761,-6.721],[-48.814,-6.751],[-48.913,-6.757],[-48.968,-6.779],[-49.018,-6.784],[-49.043,-6.815],[-49.083,-6.843],[-49.115,-6.87],[-49.15,-6.888],[-49.183,-6.908],[-49.212,-6.931],[-49.215,-6.975],[-49.195,-7.026],[-49.191,-7.075],[-49.193,-7.129],[-49.187,-7.178],[-49.185,-7.235],[-49.206,-7.27],[-49.231,-7.325],[-49.254,-7.349],[-49.319,-7.431],[-49.378,-7.496],[-49.384,-7.543],[-49.36,-7.614],[-49.341,-7.657],[-49.296,-7.696],[-49.264,-7.723],[-49.228,-7.753],[-49.203,-7.774],[-49.16,-7.791],[-49.164,-7.832],[-49.162,-7.9],[-49.169,-7.954],[-49.175,-8.009],[-49.176,-8.054],[-49.199,-8.087],[-49.205,-8.133],[-49.209,-8.175],[-49.236,-8.232],[-49.253,-8.271],[-49.263,-8.31],[-49.283,-8.379],[-49.313,-8.403],[-49.349,-8.418],[-49.377,-8.455],[-49.391,-8.489],[-49.399,-8.547],[-49.451,-8.612],[-49.471,-8.648],[-49.489,-8.692],[-49.543,-8.761],[-49.564,-8.799],[-49.588,-8.831],[-49.641,-8.846],[-49.684,-8.856],[-49.729,-8.899],[-49.753,-8.92],[-49.793,-8.979],[-49.842,-9.027],[-49.86,-9.079],[-49.896,-9.143],[-49.943,-9.2],[-49.966,-9.23],[-50.005,-9.268],[-50.037,-9.289],[-50.055,-9.342],[-50.065,-9.4],[-50.09,-9.431],[-50.105,-9.475],[-50.098,-9.52],[-50.107,-9.572],[-50.12,-9.607],[-50.139,-9.649],[-50.151,-9.695],[-50.197,-9.758],[-50.209,-9.802],[-50.221,-9.838],[-50.842,-9.8],[-51.049,-9.787],[-51.304,-9.772],[-51.952,-9.728],[-52.255,-9.707],[-52.359,-9.7],[-52.619,-9.682],[-53.133,-9.644],[-53.335,-9.629],[-53.588,-9.611],[-54.106,-9.572],[-54.336,-9.555],[-54.613,-9.535],[-54.879,-9.514],[-54.995,-9.505],[-55.792,-9.44],[-56.156,-9.41],[-56.273,-9.4],[-56.671,-9.367],[-56.711,-9.374],[-56.735,-9.395],[-56.769,-9.38],[-56.775,-9.329],[-56.794,-9.292],[-56.811,-9.257],[-56.844,-9.24],[-56.938,-9.23],[-56.995,-9.233],[-57.034,-9.209],[-57.057,-9.184],[-57.06,-9.137],[-57.039,-9.098],[-57.062,-9.074],[-57.091,-9.033],[-57.138,-8.994],[-57.192,-8.93],[-57.248,-8.906],[-57.286,-8.915],[-57.31,-8.892],[-57.349,-8.88],[-57.403,-8.862],[-57.413,-8.826],[-57.421,-8.789],[-57.463,-8.784],[-57.53,-8.748],[-57.562,-8.761],[-57.596,-8.748],[-57.605,-8.662],[-57.623,-8.622],[-57.636,-8.584],[-57.644,-8.547],[-57.659,-8.5],[-57.675,-8.44],[-57.672,-8.381],[-57.679,-8.333],[-57.664,-8.295],[-57.652,-8.247],[-57.667,-8.176],[-57.704,-8.168],[-57.728,-8.094],[-57.776,-8.052],[-57.803,-8.003],[-57.828,-7.973],[-57.833,-7.928],[-57.834,-7.882],[-57.873,-7.801],[-57.898,-7.676],[-57.932,-7.656],[-57.944,-7.605],[-57.972,-7.534],[-58.002,-7.488],[-58.035,-7.454],[-58.059,-7.4],[-58.12,-7.352],[-58.169,-7.313],[-58.174,-7.271],[-58.168,-7.231],[-58.183,-7.178],[-58.204,-7.145],[-58.226,-7.116],[-58.245,-7.089],[-58.288,-7.061],[-58.326,-7.0],[-58.355,-6.971],[-58.393,-6.951],[-58.434,-6.908],[-58.462,-6.837],[-58.475,-6.793],[-58.478,-6.699],[-58.457,-6.661],[-58.427,-6.616],[-58.37,-6.574],[-58.339,-6.548],[-58.327,-6.509],[-58.293,-6.494],[-58.262,-6.469],[-58.152,-6.23],[-57.861,-5.601],[-57.548,-4.921],[-57.018,-3.798],[-56.956,-3.658],[-56.94,-3.622],[-56.913,-3.562],[-56.887,-3.499],[-56.809,-3.333],[-56.777,-3.263],[-56.487,-2.633],[-56.433,-2.516],[-56.402,-2.456],[-56.435,-2.441],[-56.465,-2.423],[-56.427,-2.372],[-56.412,-2.321],[-56.389,-2.278],[-56.331,-2.251],[-56.263,-2.221],[-56.22,-2.196],[-56.191,-2.171],[-56.169,-2.145],[-56.141,-2.1],[-56.102,-2.048],[-56.145,-2.039],[-56.186,-2.042],[-56.228,-2.056],[-56.256,-2.088],[-56.297,-2.1],[-56.316,-2.14],[-56.369,-2.137],[-56.413,-2.176],[-56.444,-2.154],[-56.477,-2.17],[-56.502,-2.148],[-56.549,-2.158],[-56.58,-2.179],[-56.607,-2.205],[-56.656,-2.21],[-56.702,-2.201],[-56.726,-2.177],[-56.768,-2.165],[-56.753,-2.111],[-56.723,-2.067],[-56.73,-2.026],[-56.766,-2.008],[-56.833,-2.021],[-56.876,-1.992],[-56.905,-1.972],[-56.952,-1.96],[-56.974,-1.928],[-57.022,-1.914],[-57.048,-1.882],[-57.068,-1.852],[-57.063,-1.808],[-57.085,-1.782],[-57.129,-1.764],[-57.171,-1.749],[-57.201,-1.724],[-57.244,-1.72],[-57.297,-1.711],[-57.347,-1.714],[-57.392,-1.723],[-57.404,-1.684],[-57.438,-1.666],[-57.475,-1.678],[-57.499,-1.653],[-57.525,-1.626],[-57.553,-1.605],[-57.593,-1.599],[-57.652,-1.588],[-57.694,-1.576],[-57.708,-1.541],[-57.721,-1.507],[-57.773,-1.508],[-57.797,-1.485],[-57.812,-1.452],[-57.841,-1.436],[-57.879,-1.423],[-57.92,-1.403],[-57.956,-1.387],[-57.981,-1.356],[-58.0,-1.33],[-57.99,-1.292],[-57.974,-1.232],[-57.973,-1.179],[-58.007,-1.145],[-58.017,-1.106],[-58.081,-1.126],[-58.094,-1.16],[-58.119,-1.186],[-58.155,-1.226],[-58.187,-1.203],[-58.215,-1.165],[-58.254,-1.132],[-58.323,-1.143],[-58.344,-1.108],[-58.368,-1.066],[-58.392,-1.039],[-58.43,-1.027],[-58.41,-0.981],[-58.429,-0.954],[-58.45,-0.926],[-58.433,-0.892],[-58.459,-0.864],[-58.493,-0.846],[-58.52,-0.828],[-58.56,-0.804],[-58.59,-0.773],[-58.62,-0.744],[-58.649,-0.714],[-58.678,-0.692],[-58.703,-0.671],[-58.718,-0.637],[-58.728,-0.584],[-58.71,-0.547],[-58.716,-0.507],[-58.735,-0.471],[-58.738,-0.429],[-58.766,-0.409],[-58.79,-0.385],[-58.836,-0.369],[-58.872,-0.343],[-58.874,-0.296],[-58.879,-0.229],[-58.863,-0.161],[-58.863,-0.078],[-58.886,-0.055],[-58.898,-0.018],[-58.895,0.264],[-58.895,0.614],[-58.895,1.225],[-58.867,1.205],[-58.838,1.186],[-58.803,1.176],[-58.763,1.198],[-58.732,1.212],[-58.72,1.256],[-58.705,1.294],[-58.669,1.281],[-58.632,1.29],[-58.601,1.275],[-58.569,1.291],[-58.538,1.276],[-58.496,1.268],[-58.476,1.309],[-58.472,1.351],[-58.484,1.385],[-58.505,1.41],[-58.508,1.46],[-58.464,1.464],[-58.421,1.471],[-58.371,1.482],[-58.385,1.513],[-58.363,1.538],[-58.345,1.567],[-58.322,1.597],[-58.301,1.566],[-58.257,1.57],[-58.224,1.557],[-58.193,1.573],[-58.159,1.554],[-58.146,1.516],[-58.111,1.502],[-58.069,1.508],[-58.025,1.51],[-57.998,1.532],[-57.986,1.567],[-57.984,1.611],[-58.002,1.646],[-57.963,1.656],[-57.926,1.645],[-57.902,1.668],[-57.859,1.672],[-57.827,1.686],[-57.799,1.705],[-57.774,1.73],[-57.734,1.721],[-57.696,1.713],[-57.669,1.696],[-57.621,1.7],[-57.581,1.707],[-57.541,1.701],[-57.514,1.723],[-57.501,1.758],[-57.49,1.793],[-57.453,1.806],[-57.441,1.847],[-57.433,1.891],[-57.408,1.912],[-57.374,1.923],[-57.36,1.961],[-57.329,1.98],[-57.287,1.988],[-57.263,1.964],[-57.236,1.939],[-57.213,1.964],[-57.183,1.98],[-57.147,1.99],[-57.119,2.011],[-57.09,2.026],[-57.071,1.997],[-57.064,1.957],[-57.03,1.946],[-57.014,1.915],[-56.976,1.904],[-56.95,1.923],[-56.908,1.917],[-56.88,1.896],[-56.837,1.888],[-56.805,1.874],[-56.766,1.881],[-56.744,1.906],[-56.716,1.926],[-56.682,1.913],[-56.646,1.931],[-56.603,1.936],[-56.581,1.908],[-56.541,1.917],[-56.509,1.934],[-56.483,1.955],[-56.435,1.951],[-56.411,1.929],[-56.37,1.936],[-56.327,1.93],[-56.298,1.91],[-56.265,1.89],[-56.214,1.903],[-56.173,1.899],[-56.145,1.881],[-56.12,1.858],[-56.081,1.846],[-56.036,1.85],[-55.998,1.832],[-55.97,1.849],[-55.939,1.865],[-55.909,1.887],[-55.921,1.929],[-55.929,1.969],[-55.907,2.002],[-55.908,2.048],[-55.926,2.076],[-55.961,2.09],[-55.977,2.119],[-55.99,2.153],[-56.028,2.168],[-56.056,2.19],[-56.036,2.217],[-56.065,2.24],[-56.108,2.245],[-56.135,2.265],[-56.114,2.299],[-56.091,2.33],[-56.085,2.375],[-56.06,2.352],[-56.029,2.333],[-56.037,2.371],[-56.015,2.399],[-55.989,2.419],[-56.011,2.453],[-55.988,2.479],[-55.982,2.519],[-55.942,2.533],[-55.901,2.518],[-55.88,2.489],[-55.851,2.473],[-55.817,2.459],[-55.769,2.457],[-55.754,2.426],[-55.717,2.402],[-55.685,2.418],[-55.642,2.416],[-55.603,2.431],[-55.561,2.427],[-55.524,2.436],[-55.482,2.439],[-55.429,2.439],[-55.385,2.419],[-55.345,2.448],[-55.32,2.516],[-55.277,2.513],[-55.234,2.504],[-55.207,2.523],[-55.172,2.56],[-55.123,2.568],[-55.102,2.526],[-55.056,2.554],[-55.003,2.591],[-54.954,2.584],[-54.935,2.519],[-54.911,2.49],[-54.872,2.434],[-54.827,2.362],[-54.806,2.336],[-54.803,2.292],[-54.798,2.246],[-54.775,2.221],[-54.767,2.181],[-54.789,2.157],[-54.809,2.123],[-54.806,2.077],[-54.803,2.026],[-54.78,2.0],[-54.756,1.975],[-54.771,1.941],[-54.763,1.893],[-54.753,1.851],[-54.746,1.806],[-54.718,1.771],[-54.671,1.766],[-54.631,1.777],[-54.589,1.781],[-54.537,1.771],[-54.508,1.749],[-54.47,1.756],[-54.424,1.761],[-54.387,1.745],[-54.344,1.741],[-54.309,1.73],[-54.28,1.708],[-54.25,1.684],[-54.219,1.657],[-54.197,1.632],[-54.156,1.643],[-54.129,1.624],[-54.118,1.582],[-54.098,1.551],[-54.089,1.514],[-54.062,1.495],[-54.022,1.505],[-53.997,1.476],[-53.955,1.48],[-53.93,1.458],[-53.893,1.444],[-53.882,1.401],[-53.83,1.394],[-53.804,1.424],[-53.774,1.397],[-53.732,1.387],[-53.716,1.418],[-53.701,1.378],[-53.662,1.388],[-53.65,1.337],[-53.595,1.358],[-53.57,1.338],[-53.533,1.323],[-53.562,1.307],[-53.53,1.274],[-53.546,1.229],[-53.473,1.24],[-53.43,1.244],[-53.417,1.203],[-53.399,1.159],[-53.439,1.153],[-53.459,1.128],[-53.455,1.078],[-53.434,1.048],[-53.426,0.993],[-53.41,0.957],[-53.363,0.898],[-53.329,0.874],[-53.294,0.853],[-53.274,0.825],[-53.241,0.802],[-53.211,0.782],[-53.184,0.748],[-53.157,0.729],[-53.143,0.697],[-53.106,0.684],[-53.12,0.634],[-53.147,0.601],[-53.152,0.559],[-53.162,0.523],[-53.155,0.48],[-53.167,0.446],[-53.159,0.408],[-53.164,0.36],[-53.136,0.326],[-53.111,0.287],[-53.094,0.259],[-53.094,0.196],[-53.07,0.17],[-53.046,0.144],[-53.029,0.105],[-53.014,0.068],[-52.993,0.04],[-52.976,-0.007],[-52.965,-0.053],[-52.945,-0.106],[-52.933,-0.139],[-52.904,-0.155],[-52.851,-0.15],[-52.836,-0.186],[-52.76,-0.237],[-52.74,-0.276],[-52.7,-0.293],[-52.681,-0.34],[-52.695,-0.372],[-52.683,-0.41],[-52.702,-0.459],[-52.681,-0.516],[-52.64,-0.585],[-52.593,-0.581],[-52.535,-0.574],[-52.513,-0.619],[-52.515,-0.663],[-52.497,-0.711],[-52.505,-0.752],[-52.522,-0.791],[-52.535,-0.842],[-52.496,-0.849],[-52.463,-0.837],[-52.426,-0.851],[-52.403,-0.877],[-52.413,-0.919],[-52.436,-0.948],[-52.418,-0.999],[-52.429,-1.042],[-52.383,-1.054],[-52.352,-1.069],[-52.333,-1.116],[-52.273,-1.128],[-52.222,-1.134],[-52.173,-1.13],[-52.146,-1.148],[-52.106,-1.183],[-52.1,-1.226],[-52.054,-1.234],[-52.063,-1.191],[-52.011,-1.167],[-51.993,-1.129],[-51.964,-1.151],[-51.929,-1.135],[-51.904,-1.155],[-51.809,-1.157],[-51.779,-1.141],[-51.704,-1.067],[-51.687,-1.036],[-51.691,-0.981],[-51.695,-0.921],[-51.688,-0.823],[-51.679,-0.785],[-51.595,-0.65],[-51.571,-0.623],[-51.526,-0.58],[-51.486,-0.545],[-51.457,-0.513],[-51.432,-0.473],[-51.42,-0.429],[-51.362,-0.368],[-51.354,-0.318],[-51.327,-0.268],[-51.296,-0.24],[-51.265,-0.195],[-51.216,-0.118],[-51.174,-0.104],[-51.118,-0.097],[-51.065,-0.076],[-51.007,-0.0],[-50.983,0.03],[-50.934,0.07],[-50.784,0.112],[-50.743,0.131],[-50.668,0.185],[-50.644,0.209],[-50.599,0.25],[-50.556,0.307],[-50.539,0.346],[-50.504,0.435],[-50.481,0.471],[-50.467,0.531],[-50.452,0.571],[-50.409,0.624],[-50.347,0.667],[-50.198,0.701],[-50.093,0.702],[-50.092,0.647],[-50.059,0.617],[-50.04,0.574],[-50.035,0.509],[-50.052,0.373],[-50.015,0.334],[-49.978,0.325],[-49.935,0.319],[-49.864,0.328],[-49.821,0.33],[-49.777,0.34],[-49.738,0.323],[-49.724,0.356],[-49.677,0.366],[-49.651,0.345],[-49.623,0.32],[-49.607,0.287],[-49.562,0.203],[-49.475,0.079],[-49.435,0.068],[-49.406,0.051],[-49.392,0.015],[-49.008,-0.16],[-48.985,-0.189],[-48.954,-0.206],[-48.916,-0.231],[-48.879,-0.22],[-48.831,-0.222],[-48.785,-0.223],[-48.757,-0.244],[-48.717,-0.252],[-48.669,-0.245],[-48.634,-0.232],[-48.587,-0.232],[-48.535,-0.24],[-48.478,-0.233],[-48.44,-0.244],[-48.405,-0.261],[-48.384,-0.301],[-48.389,-0.35],[-48.41,-0.384],[-48.444,-0.425],[-48.453,-0.461],[-48.472,-0.499],[-48.236,-0.582],[-48.0,-0.664],[-47.989,-0.706],[-47.973,-0.675],[-47.962,-0.636],[-47.926,-0.621],[-47.9,-0.596],[-47.897,-0.552],[-47.854,-0.573],[-47.844,-0.613],[-47.853,-0.652],[-47.816,-0.63],[-47.808,-0.593],[-47.804,-0.55],[-47.783,-0.582],[-47.765,-0.612],[-47.763,-0.565],[-47.732,-0.552],[-47.694,-0.542],[-47.698,-0.593],[-47.662,-0.58],[-47.636,-0.603],[-47.632,-0.648],[-47.64,-0.689],[-47.601,-0.68],[-47.58,-0.638],[-47.584,-0.594],[-47.542,-0.604],[-47.535,-0.646],[-47.519,-0.676],[-47.501,-0.707],[-47.484,-0.739],[-47.467,-0.705],[-47.476,-0.658],[-47.476,-0.612],[-47.444,-0.589],[-47.417,-0.608],[-47.428,-0.647],[-47.388,-0.638],[-47.353,-0.609],[-47.322,-0.594],[-47.286,-0.605],[-47.293,-0.645],[-47.262,-0.626],[-47.215,-0.636],[-47.208,-0.68],[-47.246,-0.704],[-47.214,-0.69],[-47.184,-0.671],[-47.168,-0.701],[-47.177,-0.743],[-47.16,-0.774],[-47.15,-0.714],[-47.129,-0.688],[-47.088,-0.662],[-47.073,-0.694],[-47.089,-0.749],[-47.066,-0.776],[-47.06,-0.737],[-47.056,-0.78],[-47.033,-0.805],[-47.041,-0.765],[-47.019,-0.73],[-46.982,-0.705],[-46.951,-0.734]]]]}},{"type":"Feature","properties":{"name":"Para\u00edba"},"geometry":{"type":"MultiPolygon","coordinates":[[[[-37.227,-6.035],[-37.194,-6.048],[-37.17,-6.083],[-37.175,-6.142],[-37.193,-6.183],[-37.226,-6.212],[-37.27,-6.251],[-37.286,-6.282],[-37.328,-6.303],[-37.356,-6.32],[-37.377,-6.344],[-37.388,-6.379],[-37.397,-6.416],[-37.396,-6.514],[-37.425,-6.532],[-37.469,-6.535],[-37.48,-6.594],[-37.477,-6.642],[-37.484,-6.71],[-37.425,-6.7],[-37.342,-6.701],[-37.294,-6.692],[-37.28,-6.724],[-37.268,-6.759],[-37.255,-6.798],[-37.234,-6.824],[-37.188,-6.823],[-37.152,-6.798],[-37.129,-6.766],[-37.075,-6.754],[-37.041,-6.74],[-37.002,-6.709],[-36.971,-6.74],[-36.952,-6.775],[-36.91,-6.757],[-36.835,-6.731],[-36.788,-6.773],[-36.769,-6.838],[-36.74,-6.867],[-36.757,-6.899],[-36.744,-6.967],[-36.688,-6.927],[-36.639,-6.933],[-36.568,-6.874],[-36.543,-6.842],[-36.512,-6.819],[-36.501,-6.777],[-36.522,-6.742],[-36.557,-6.71],[-36.537,-6.653],[-36.521,-6.61],[-36.473,-6.614],[-36.439,-6.628],[-36.443,-6.56],[-36.478,-6.54],[-36.5,-6.513],[-36.527,-6.49],[-36.529,-6.447],[-36.507,-6.4],[-36.499,-6.358],[-36.444,-6.361],[-36.394,-6.294],[-36.362,-6.31],[-36.307,-6.281],[-36.279,-6.308],[-36.294,-6.37],[-36.251,-6.404],[-36.219,-6.434],[-36.171,-6.43],[-36.127,-6.425],[-36.086,-6.415],[-36.051,-6.431],[-36.013,-6.455],[-35.977,-6.489],[-35.853,-6.487],[-35.779,-6.483],[-35.727,-6.471],[-35.682,-6.448],[-35.635,-6.454],[-35.594,-6.468],[-35.564,-6.487],[-35.527,-6.479],[-35.484,-6.486],[-35.442,-6.479],[-35.407,-6.49],[-35.364,-6.512],[-35.341,-6.538],[-35.274,-6.543],[-35.232,-6.531],[-35.2,-6.548],[-35.157,-6.551],[-35.123,-6.529],[-35.102,-6.503],[-35.069,-6.522],[-35.028,-6.505],[-34.986,-6.496],[-34.966,-6.545],[-34.965,-6.603],[-34.954,-6.668],[-34.932,-6.693],[-34.929,-6.74],[-34.917,-6.78],[-34.902,-6.854],[-34.884,-6.886],[-34.863,-6.917],[-34.853,-6.961],[-34.867,-7.008],[-34.835,-6.979],[-34.83,-7.03],[-34.838,-7.068],[-34.824,-7.108],[-34.81,-7.145],[-34.794,-7.195],[-34.804,-7.231],[-34.798,-7.28],[-34.796,-7.324],[-34.798,-7.371],[-34.805,-7.41],[-34.811,-7.459],[-34.809,-7.511],[-34.826,-7.547],[-34.87,-7.549],[-34.91,-7.538],[-34.96,-7.538],[-34.984,-7.506],[-34.987,-7.463],[-35.029,-7.425],[-35.065,-7.403],[-35.119,-7.403],[-35.153,-7.392],[-35.2,-7.387],[-35.243,-7.374],[-35.277,-7.386],[-35.306,-7.407],[-35.342,-7.422],[-35.369,-7.441],[-35.408,-7.461],[-35.479,-7.445],[-35.507,-7.487],[-35.511,-7.528],[-35.527,-7.569],[-35.518,-7.606],[-35.526,-7.645],[-35.56,-7.659],[-35.61,-7.654],[-35.636,-7.684],[-35.681,-7.7],[-35.725,-7.708],[-35.758,-7.724],[-35.789,-7.74],[-35.828,-7.751],[-35.872,-7.749],[-35.904,-7.792],[-35.947,-7.789],[-35.981,-7.803],[-36.021,-7.81],[-36.063,-7.788],[-36.102,-7.779],[-36.182,-7.783],[-36.216,-7.764],[-36.252,-7.794],[-36.263,-7.831],[-36.304,-7.808],[-36.361,-7.806],[-36.407,-7.814],[-36.429,-7.866],[-36.445,-7.908],[-36.48,-7.924],[-36.536,-7.901],[-36.578,-7.915],[-36.576,-7.959],[-36.611,-7.948],[-36.624,-7.982],[-36.627,-8.055],[-36.656,-8.076],[-36.628,-8.102],[-36.666,-8.124],[-36.69,-8.148],[-36.722,-8.168],[-36.752,-8.184],[-36.804,-8.194],[-36.861,-8.222],[-36.896,-8.24],[-36.923,-8.269],[-36.948,-8.292],[-36.991,-8.303],[-37.045,-8.261],[-37.088,-8.255],[-37.123,-8.209],[-37.141,-8.177],[-37.155,-8.144],[-37.147,-8.104],[-37.156,-8.064],[-37.149,-8.023],[-37.176,-7.996],[-37.192,-7.96],[-37.228,-7.972],[-37.277,-7.972],[-37.339,-7.979],[-37.317,-7.942],[-37.303,-7.904],[-37.257,-7.883],[-37.247,-7.846],[-37.23,-7.813],[-37.198,-7.799],[-37.152,-7.781],[-37.139,-7.745],[-37.151,-7.713],[-37.172,-7.684],[-37.195,-7.652],[-37.181,-7.606],[-37.155,-7.567],[-37.121,-7.536],[-37.086,-7.518],[-37.053,-7.504],[-37.01,-7.489],[-37.013,-7.445],[-37.018,-7.399],[-37.049,-7.377],[-37.092,-7.357],[-37.128,-7.344],[-37.168,-7.322],[-37.198,-7.294],[-37.233,-7.275],[-37.284,-7.284],[-37.331,-7.289],[-37.356,-7.322],[-37.385,-7.356],[-37.431,-7.356],[-37.497,-7.367],[-37.505,-7.419],[-37.527,-7.448],[-37.551,-7.479],[-37.59,-7.5],[-37.617,-7.523],[-37.676,-7.535],[-37.71,-7.559],[-37.735,-7.596],[-37.756,-7.622],[-37.738,-7.66],[-37.773,-7.647],[-37.844,-7.647],[-37.88,-7.683],[-37.909,-7.71],[-37.935,-7.735],[-37.958,-7.766],[-37.995,-7.779],[-38.022,-7.754],[-38.069,-7.772],[-38.066,-7.818],[-38.117,-7.821],[-38.137,-7.789],[-38.187,-7.795],[-38.222,-7.82],[-38.257,-7.831],[-38.297,-7.814],[-38.301,-7.768],[-38.315,-7.728],[-38.326,-7.693],[-38.357,-7.677],[-38.382,-7.707],[-38.409,-7.73],[-38.443,-7.719],[-38.484,-7.733],[-38.516,-7.749],[-38.562,-7.756],[-38.597,-7.742],[-38.616,-7.714],[-38.636,-7.689],[-38.663,-7.657],[-38.686,-7.635],[-38.718,-7.609],[-38.689,-7.581],[-38.655,-7.565],[-38.65,-7.519],[-38.631,-7.485],[-38.603,-7.457],[-38.584,-7.416],[-38.576,-7.376],[-38.549,-7.334],[-38.537,-7.3],[-38.552,-7.263],[-38.583,-7.248],[-38.615,-7.23],[-38.626,-7.191],[-38.687,-7.19],[-38.675,-7.155],[-38.662,-7.11],[-38.671,-7.07],[-38.689,-7.04],[-38.713,-7.018],[-38.747,-6.999],[-38.754,-6.958],[-38.759,-6.916],[-38.73,-6.896],[-38.701,-6.875],[-38.677,-6.854],[-38.661,-6.823],[-38.636,-6.798],[-38.646,-6.762],[-38.665,-6.724],[-38.66,-6.678],[-38.655,-6.63],[-38.629,-6.604],[-38.632,-6.562],[-38.609,-6.532],[-38.595,-6.5],[-38.57,-6.47],[-38.555,-6.437],[-38.524,-6.407],[-38.573,-6.403],[-38.567,-6.361],[-38.534,-6.342],[-38.486,-6.34],[-38.484,-6.387],[-38.448,-6.403],[-38.401,-6.41],[-38.375,-6.437],[-38.343,-6.458],[-38.315,-6.481],[-38.288,-6.505],[-38.256,-6.483],[-38.208,-6.487],[-38.161,-6.499],[-38.135,-6.518],[-38.098,-6.509],[-38.07,-6.464],[-38.045,-6.441],[-38.027,-6.474],[-38.008,-6.432],[-37.971,-6.42],[-37.925,-6.418],[-37.894,-6.4],[-37.859,-6.374],[-37.834,-6.342],[-37.814,-6.314],[-37.794,-6.289],[-37.77,-6.265],[-37.763,-6.219],[-37.709,-6.177],[-37.646,-6.189],[-37.608,-6.175],[-37.573,-6.158],[-37.531,-6.152],[-37.489,-6.144],[-37.454,-6.12],[-37.407,-6.112],[-37.383,-6.087],[-37.345,-6.077],[-37.309,-6.057],[-37.268,-6.051],[-37.245,-6.027],[-37.227,-6.035]]]]}},{"type":"Feature","properties":{"name":"Pernambuco"},"geometry":{"type":"MultiPolygon","coordinates":[[[[-37.177,-7.309],[-37.157,-7.338],[-37.121,-7.351],[-37.073,-7.368],[-37.026,-7.388],[-37.017,-7.424],[-37.001,-7.457],[-37.025,-7.497],[-37.068,-7.517],[-37.106,-7.531],[-37.133,-7.549],[-37.168,-7.581],[-37.186,-7.618],[-37.181,-7.665],[-37.161,-7.698],[-37.149,-7.731],[-37.157,-7.773],[-37.191,-7.791],[-37.23,-7.806],[-37.247,-7.846],[-37.257,-7.883],[-37.287,-7.903],[-37.309,-7.934],[-37.349,-7.948],[-37.317,-7.968],[-37.267,-7.969],[-37.219,-7.972],[-37.184,-7.99],[-37.151,-8.009],[-37.158,-8.051],[-37.143,-8.088],[-37.15,-8.126],[-37.163,-8.158],[-37.131,-8.174],[-37.106,-8.228],[-37.045,-8.261],[-37.02,-8.289],[-36.984,-8.3],[-36.948,-8.285],[-36.915,-8.262],[-36.887,-8.238],[-36.812,-8.205],[-36.775,-8.19],[-36.742,-8.173],[-36.708,-8.156],[-36.666,-8.124],[-36.628,-8.111],[-36.65,-8.081],[-36.627,-8.055],[-36.627,-7.986],[-36.611,-7.948],[-36.576,-7.959],[-36.578,-7.915],[-36.547,-7.899],[-36.499,-7.92],[-36.457,-7.915],[-36.43,-7.885],[-36.428,-7.824],[-36.396,-7.808],[-36.31,-7.808],[-36.279,-7.824],[-36.24,-7.817],[-36.216,-7.764],[-36.182,-7.783],[-36.126,-7.784],[-36.07,-7.78],[-36.035,-7.796],[-36.003,-7.813],[-35.974,-7.794],[-35.932,-7.784],[-35.883,-7.774],[-35.862,-7.751],[-35.815,-7.747],[-35.771,-7.731],[-35.743,-7.713],[-35.708,-7.697],[-35.659,-7.697],[-35.628,-7.677],[-35.597,-7.654],[-35.546,-7.657],[-35.514,-7.643],[-35.525,-7.607],[-35.519,-7.55],[-35.508,-7.516],[-35.503,-7.456],[-35.441,-7.457],[-35.38,-7.449],[-35.348,-7.435],[-35.324,-7.411],[-35.28,-7.387],[-35.243,-7.374],[-35.2,-7.387],[-35.153,-7.392],[-35.119,-7.403],[-35.079,-7.397],[-35.048,-7.417],[-35.007,-7.448],[-34.991,-7.488],[-34.969,-7.521],[-34.928,-7.53],[-34.895,-7.545],[-34.853,-7.539],[-34.829,-7.581],[-34.813,-7.612],[-34.822,-7.648],[-34.833,-7.683],[-34.83,-7.726],[-34.837,-7.792],[-34.843,-7.834],[-34.832,-7.874],[-34.819,-7.917],[-34.828,-7.958],[-34.837,-7.995],[-34.853,-8.025],[-34.88,-8.093],[-34.912,-8.163],[-34.916,-8.208],[-34.933,-8.246],[-34.95,-8.29],[-34.951,-8.337],[-34.966,-8.409],[-34.984,-8.455],[-34.998,-8.485],[-35.003,-8.526],[-35.009,-8.567],[-35.037,-8.589],[-35.066,-8.644],[-35.079,-8.679],[-35.085,-8.718],[-35.097,-8.759],[-35.11,-8.796],[-35.131,-8.826],[-35.137,-8.877],[-35.152,-8.913],[-35.176,-8.888],[-35.235,-8.883],[-35.277,-8.875],[-35.35,-8.86],[-35.399,-8.85],[-35.431,-8.836],[-35.462,-8.818],[-35.504,-8.822],[-35.548,-8.828],[-35.582,-8.846],[-35.611,-8.864],[-35.64,-8.882],[-35.678,-8.896],[-35.722,-8.908],[-35.773,-8.906],[-35.776,-8.858],[-35.823,-8.857],[-35.886,-8.863],[-35.923,-8.883],[-35.96,-8.894],[-35.994,-8.907],[-36.063,-8.915],[-36.086,-8.944],[-36.126,-8.956],[-36.112,-8.987],[-36.124,-9.03],[-36.164,-9.04],[-36.204,-9.068],[-36.236,-9.103],[-36.263,-9.126],[-36.241,-9.152],[-36.261,-9.177],[-36.307,-9.176],[-36.334,-9.204],[-36.365,-9.222],[-36.411,-9.225],[-36.453,-9.232],[-36.487,-9.243],[-36.571,-9.292],[-36.586,-9.338],[-36.623,-9.326],[-36.659,-9.308],[-36.693,-9.275],[-36.758,-9.271],[-36.797,-9.293],[-36.839,-9.288],[-36.868,-9.268],[-36.899,-9.283],[-36.927,-9.325],[-36.936,-9.361],[-36.989,-9.357],[-37.024,-9.315],[-37.061,-9.303],[-37.084,-9.252],[-37.129,-9.26],[-37.164,-9.275],[-37.19,-9.22],[-37.234,-9.24],[-37.246,-9.19],[-37.262,-9.16],[-37.295,-9.123],[-37.315,-9.094],[-37.4,-9.052],[-37.434,-9.029],[-37.493,-9.0],[-37.506,-8.966],[-37.556,-8.969],[-37.6,-8.976],[-37.621,-9.011],[-37.664,-9.0],[-37.702,-8.989],[-37.69,-8.956],[-37.707,-8.927],[-37.731,-8.899],[-37.749,-8.869],[-37.799,-8.883],[-37.822,-8.909],[-37.83,-8.946],[-37.845,-8.984],[-37.867,-9.01],[-37.889,-9.034],[-37.938,-9.083],[-37.959,-9.116],[-37.979,-9.148],[-38.025,-9.155],[-38.064,-9.173],[-38.119,-9.201],[-38.156,-9.242],[-38.179,-9.289],[-38.224,-9.316],[-38.25,-9.29],[-38.287,-9.217],[-38.311,-9.147],[-38.304,-9.096],[-38.29,-9.047],[-38.317,-9.001],[-38.386,-9.024],[-38.425,-9.035],[-38.483,-9.001],[-38.513,-8.96],[-38.499,-8.917],[-38.473,-8.889],[-38.479,-8.85],[-38.509,-8.832],[-38.551,-8.822],[-38.603,-8.88],[-38.609,-8.952],[-38.63,-8.985],[-38.671,-8.974],[-38.689,-8.944],[-38.697,-8.885],[-38.717,-8.853],[-38.798,-8.792],[-38.855,-8.784],[-38.925,-8.794],[-38.977,-8.793],[-39.017,-8.751],[-39.064,-8.729],[-39.151,-8.709],[-39.2,-8.711],[-39.245,-8.682],[-39.246,-8.627],[-39.272,-8.596],[-39.288,-8.563],[-39.343,-8.558],[-39.376,-8.534],[-39.416,-8.542],[-39.44,-8.563],[-39.476,-8.592],[-39.518,-8.604],[-39.555,-8.622],[-39.607,-8.656],[-39.653,-8.658],[-39.692,-8.671],[-39.683,-8.709],[-39.673,-8.745],[-39.691,-8.797],[-39.747,-8.794],[-39.789,-8.819],[-39.873,-8.822],[-39.901,-8.849],[-39.879,-8.902],[-39.89,-8.966],[-39.916,-8.998],[-39.958,-9.048],[-40.005,-9.059],[-40.065,-9.063],[-40.128,-9.109],[-40.169,-9.099],[-40.209,-9.064],[-40.25,-9.06],[-40.286,-9.117],[-40.285,-9.181],[-40.307,-9.271],[-40.335,-9.327],[-40.358,-9.377],[-40.411,-9.354],[-40.447,-9.387],[-40.468,-9.42],[-40.502,-9.407],[-40.537,-9.421],[-40.562,-9.461],[-40.623,-9.482],[-40.681,-9.467],[-40.713,-9.45],[-40.762,-9.449],[-40.752,-9.407],[-40.741,-9.362],[-40.755,-9.313],[-40.716,-9.302],[-40.686,-9.276],[-40.691,-9.234],[-40.677,-9.193],[-40.685,-9.137],[-40.732,-9.124],[-40.763,-9.106],[-40.804,-9.098],[-40.82,-9.067],[-40.832,-9.031],[-40.846,-8.996],[-40.851,-8.952],[-40.874,-8.919],[-40.895,-8.889],[-40.912,-8.851],[-40.958,-8.841],[-40.995,-8.829],[-41.025,-8.807],[-41.048,-8.785],[-41.101,-8.782],[-41.12,-8.755],[-41.112,-8.708],[-41.162,-8.71],[-41.227,-8.704],[-41.26,-8.72],[-41.295,-8.735],[-41.334,-8.727],[-41.309,-8.691],[-41.287,-8.661],[-41.239,-8.655],[-41.206,-8.633],[-41.198,-8.592],[-41.163,-8.57],[-41.148,-8.534],[-41.107,-8.527],[-41.083,-8.496],[-41.051,-8.48],[-41.044,-8.441],[-41.007,-8.421],[-40.98,-8.398],[-40.957,-8.423],[-40.926,-8.446],[-40.902,-8.423],[-40.889,-8.386],[-40.871,-8.358],[-40.837,-8.381],[-40.822,-8.34],[-40.792,-8.319],[-40.778,-8.286],[-40.768,-8.248],[-40.736,-8.228],[-40.703,-8.212],[-40.678,-8.186],[-40.658,-8.156],[-40.611,-8.146],[-40.603,-8.103],[-40.582,-8.044],[-40.544,-7.964],[-40.538,-7.867],[-40.547,-7.828],[-40.574,-7.807],[-40.628,-7.792],[-40.672,-7.762],[-40.665,-7.687],[-40.647,-7.648],[-40.648,-7.599],[-40.694,-7.538],[-40.714,-7.489],[-40.679,-7.453],[-40.652,-7.434],[-40.548,-7.392],[-40.501,-7.388],[-40.421,-7.39],[-40.372,-7.385],[-40.319,-7.374],[-40.284,-7.387],[-40.246,-7.433],[-40.15,-7.414],[-40.078,-7.399],[-40.023,-7.398],[-39.973,-7.391],[-39.944,-7.369],[-39.915,-7.338],[-39.864,-7.328],[-39.815,-7.328],[-39.757,-7.321],[-39.687,-7.315],[-39.648,-7.323],[-39.614,-7.335],[-39.57,-7.375],[-39.517,-7.409],[-39.49,-7.434],[-39.448,-7.454],[-39.414,-7.469],[-39.368,-7.494],[-39.328,-7.531],[-39.313,-7.564],[-39.296,-7.596],[-39.303,-7.642],[-39.274,-7.661],[-39.248,-7.688],[-39.198,-7.694],[-39.171,-7.715],[-39.123,-7.743],[-39.102,-7.771],[-39.09,-7.809],[-39.096,-7.852],[-39.059,-7.829],[-39.017,-7.814],[-38.982,-7.846],[-38.957,-7.824],[-38.94,-7.795],[-38.927,-7.753],[-38.881,-7.747],[-38.869,-7.711],[-38.83,-7.72],[-38.815,-7.688],[-38.785,-7.666],[-38.742,-7.66],[-38.727,-7.629],[-38.686,-7.635],[-38.663,-7.657],[-38.641,-7.683],[-38.618,-7.712],[-38.597,-7.742],[-38.562,-7.756],[-38.516,-7.749],[-38.484,-7.733],[-38.443,-7.719],[-38.409,-7.73],[-38.382,-7.707],[-38.357,-7.677],[-38.33,-7.696],[-38.315,-7.728],[-38.304,-7.763],[-38.297,-7.814],[-38.265,-7.828],[-38.222,-7.82],[-38.194,-7.801],[-38.164,-7.78],[-38.131,-7.795],[-38.077,-7.83],[-38.069,-7.773],[-38.039,-7.748],[-38.008,-7.766],[-37.971,-7.777],[-37.943,-7.741],[-37.92,-7.713],[-37.897,-7.69],[-37.858,-7.653],[-37.808,-7.644],[-37.767,-7.657],[-37.756,-7.622],[-37.736,-7.596],[-37.707,-7.57],[-37.682,-7.548],[-37.659,-7.522],[-37.611,-7.518],[-37.571,-7.489],[-37.533,-7.473],[-37.52,-7.44],[-37.497,-7.403],[-37.466,-7.358],[-37.415,-7.361],[-37.367,-7.346],[-37.331,-7.289],[-37.288,-7.288],[-37.233,-7.275],[-37.198,-7.294],[-37.177,-7.309]]]]}},{"type":"Feature","properties":{"name":"Piau\u00ed"},"geometry":{"type":"MultiPolygon","coordinates":[[[[-41.739,-2.806],[-41.706,-2.823],[-41.676,-2.849],[-41.65,-2.872],[-41.607,-2.898],[-41.56,-2.901],[-41.51,-2.911],[-41.476,-2.897],[-41.439,-2.91],[-41.399,-2.904],[-41.364,-2.917],[-41.322,-2.921],[-41.298,-2.968],[-41.269,-2.985],[-41.256,-3.018],[-41.261,-3.067],[-41.277,-3.101],[-41.319,-3.145],[-41.386,-3.288],[-41.399,-3.322],[-41.418,-3.356],[-41.402,-3.387],[-41.363,-3.411],[-41.344,-3.44],[-41.328,-3.478],[-41.325,-3.527],[-41.364,-3.558],[-41.345,-3.588],[-41.331,-3.624],[-41.339,-3.67],[-41.307,-3.684],[-41.273,-3.701],[-41.239,-3.712],[-41.26,-3.748],[-41.264,-3.791],[-41.3,-3.826],[-41.268,-3.844],[-41.247,-3.883],[-41.229,-3.911],[-41.229,-3.968],[-41.245,-4.006],[-41.209,-4.025],[-41.161,-4.031],[-41.12,-4.036],[-41.137,-4.119],[-41.126,-4.152],[-41.091,-4.17],[-41.136,-4.233],[-41.121,-4.301],[-41.133,-4.34],[-41.16,-4.381],[-41.177,-4.441],[-41.187,-4.485],[-41.197,-4.522],[-41.214,-4.552],[-41.242,-4.571],[-41.233,-4.609],[-41.202,-4.638],[-41.174,-4.667],[-41.202,-4.702],[-41.228,-4.728],[-41.25,-4.756],[-41.212,-4.772],[-41.232,-4.804],[-41.239,-4.854],[-41.228,-4.891],[-41.22,-4.937],[-41.18,-4.947],[-41.151,-4.992],[-41.122,-5.01],[-41.131,-5.048],[-41.095,-5.061],[-41.08,-5.091],[-41.034,-5.091],[-41.012,-5.117],[-40.988,-5.138],[-40.954,-5.161],[-40.925,-5.181],[-40.922,-5.226],[-40.911,-5.269],[-40.913,-5.316],[-40.933,-5.35],[-40.916,-5.391],[-40.938,-5.416],[-40.921,-5.45],[-40.929,-5.492],[-40.931,-5.536],[-40.914,-5.567],[-40.904,-5.605],[-40.911,-5.656],[-40.93,-5.685],[-40.913,-5.726],[-40.906,-5.794],[-40.905,-5.849],[-40.893,-5.884],[-40.88,-5.918],[-40.874,-5.974],[-40.891,-6.005],[-40.907,-6.041],[-40.873,-6.056],[-40.857,-6.105],[-40.853,-6.165],[-40.849,-6.213],[-40.823,-6.258],[-40.787,-6.305],[-40.779,-6.343],[-40.797,-6.378],[-40.796,-6.428],[-40.791,-6.498],[-40.745,-6.565],[-40.728,-6.609],[-40.732,-6.654],[-40.65,-6.678],[-40.607,-6.714],[-40.563,-6.72],[-40.517,-6.73],[-40.476,-6.734],[-40.455,-6.771],[-40.439,-6.806],[-40.388,-6.797],[-40.402,-6.84],[-40.428,-6.864],[-40.425,-6.935],[-40.429,-6.991],[-40.441,-7.046],[-40.459,-7.078],[-40.489,-7.118],[-40.494,-7.166],[-40.51,-7.227],[-40.515,-7.273],[-40.524,-7.318],[-40.548,-7.392],[-40.652,-7.433],[-40.678,-7.453],[-40.712,-7.472],[-40.694,-7.538],[-40.652,-7.592],[-40.647,-7.648],[-40.665,-7.687],[-40.678,-7.725],[-40.653,-7.782],[-40.574,-7.807],[-40.547,-7.828],[-40.538,-7.867],[-40.544,-7.947],[-40.575,-8.03],[-40.598,-8.08],[-40.591,-8.123],[-40.633,-8.139],[-40.666,-8.162],[-40.694,-8.2],[-40.724,-8.224],[-40.764,-8.244],[-40.779,-8.279],[-40.792,-8.319],[-40.822,-8.337],[-40.837,-8.381],[-40.871,-8.358],[-40.889,-8.386],[-40.902,-8.423],[-40.926,-8.446],[-40.957,-8.423],[-40.98,-8.398],[-41.007,-8.421],[-41.044,-8.441],[-41.051,-8.48],[-41.083,-8.496],[-41.104,-8.522],[-41.148,-8.534],[-41.163,-8.57],[-41.186,-8.593],[-41.206,-8.633],[-41.237,-8.652],[-41.287,-8.661],[-41.309,-8.691],[-41.358,-8.707],[-41.392,-8.723],[-41.412,-8.774],[-41.462,-8.828],[-41.493,-8.859],[-41.507,-8.892],[-41.531,-8.927],[-41.544,-8.96],[-41.59,-8.955],[-41.621,-8.97],[-41.669,-8.99],[-41.712,-9.013],[-41.733,-9.046],[-41.735,-9.094],[-41.759,-9.116],[-41.8,-9.148],[-41.82,-9.189],[-41.838,-9.242],[-41.884,-9.253],[-41.909,-9.273],[-41.958,-9.262],[-42.0,-9.266],[-42.051,-9.256],[-42.1,-9.281],[-42.179,-9.285],[-42.226,-9.283],[-42.269,-9.309],[-42.319,-9.32],[-42.355,-9.349],[-42.398,-9.397],[-42.425,-9.427],[-42.443,-9.457],[-42.488,-9.461],[-42.522,-9.503],[-42.569,-9.501],[-42.603,-9.516],[-42.632,-9.538],[-42.674,-9.548],[-42.71,-9.531],[-42.732,-9.569],[-42.757,-9.589],[-42.802,-9.622],[-42.825,-9.59],[-42.837,-9.55],[-42.871,-9.564],[-42.905,-9.526],[-42.946,-9.518],[-42.962,-9.469],[-42.971,-9.408],[-43.054,-9.415],[-43.082,-9.397],[-43.111,-9.38],[-43.153,-9.376],[-43.174,-9.411],[-43.218,-9.4],[-43.266,-9.412],[-43.299,-9.395],[-43.334,-9.369],[-43.374,-9.351],[-43.404,-9.301],[-43.427,-9.272],[-43.485,-9.265],[-43.525,-9.3],[-43.562,-9.313],[-43.624,-9.373],[-43.686,-9.418],[-43.751,-9.434],[-43.782,-9.452],[-43.818,-9.494],[-43.849,-9.548],[-43.841,-9.586],[-43.842,-9.637],[-43.798,-9.695],[-43.785,-9.762],[-43.746,-9.783],[-43.717,-9.802],[-43.682,-9.815],[-43.653,-9.839],[-43.677,-9.886],[-43.705,-9.906],[-43.689,-9.939],[-43.684,-9.982],[-43.669,-10.03],[-43.691,-10.059],[-43.73,-10.072],[-43.773,-10.098],[-43.779,-10.18],[-43.797,-10.208],[-43.837,-10.251],[-43.838,-10.303],[-43.871,-10.33],[-43.895,-10.354],[-43.914,-10.384],[-43.941,-10.426],[-43.992,-10.412],[-44.035,-10.444],[-44.029,-10.484],[-44.066,-10.558],[-44.082,-10.588],[-44.118,-10.612],[-44.146,-10.641],[-44.193,-10.628],[-44.237,-10.626],[-44.273,-10.615],[-44.296,-10.582],[-44.316,-10.556],[-44.396,-10.603],[-44.438,-10.609],[-44.479,-10.64],[-44.518,-10.65],[-44.549,-10.629],[-44.598,-10.645],[-44.628,-10.675],[-44.667,-10.686],[-44.662,-10.728],[-44.687,-10.769],[-44.751,-10.782],[-44.778,-10.804],[-44.81,-10.846],[-44.831,-10.885],[-44.884,-10.902],[-44.931,-10.928],[-44.973,-10.893],[-45.016,-10.884],[-45.073,-10.84],[-45.151,-10.839],[-45.216,-10.829],[-45.252,-10.816],[-45.271,-10.774],[-45.322,-10.76],[-45.358,-10.732],[-45.374,-10.667],[-45.412,-10.644],[-45.436,-10.619],[-45.447,-10.556],[-45.447,-10.507],[-45.403,-10.465],[-45.424,-10.426],[-45.426,-10.374],[-45.456,-10.338],[-45.482,-10.308],[-45.517,-10.286],[-45.522,-10.247],[-45.556,-10.216],[-45.57,-10.184],[-45.567,-10.139],[-45.593,-10.11],[-45.637,-10.125],[-45.669,-10.145],[-45.703,-10.157],[-45.735,-10.172],[-45.733,-10.228],[-45.793,-10.267],[-45.843,-10.259],[-45.877,-10.239],[-45.925,-10.25],[-45.955,-10.218],[-45.935,-10.19],[-45.915,-10.164],[-45.897,-10.136],[-45.878,-10.11],[-45.87,-10.069],[-45.866,-10.008],[-45.847,-9.962],[-45.851,-9.92],[-45.863,-9.881],[-45.856,-9.842],[-45.844,-9.806],[-45.821,-9.773],[-45.827,-9.727],[-45.829,-9.68],[-45.825,-9.636],[-45.836,-9.602],[-45.836,-9.556],[-45.82,-9.526],[-45.803,-9.499],[-45.789,-9.464],[-45.802,-9.425],[-45.817,-9.39],[-45.847,-9.356],[-45.887,-9.348],[-45.902,-9.317],[-45.901,-9.272],[-45.9,-9.216],[-45.913,-9.167],[-45.925,-9.117],[-45.929,-9.07],[-45.94,-9.032],[-45.959,-9.001],[-45.98,-8.966],[-45.994,-8.926],[-45.983,-8.89],[-45.965,-8.856],[-45.953,-8.807],[-45.935,-8.779],[-45.907,-8.758],[-45.874,-8.731],[-45.84,-8.715],[-45.821,-8.665],[-45.803,-8.622],[-45.765,-8.609],[-45.794,-8.592],[-45.768,-8.57],[-45.755,-8.533],[-45.738,-8.501],[-45.742,-8.451],[-45.731,-8.415],[-45.711,-8.388],[-45.687,-8.355],[-45.678,-8.317],[-45.661,-8.252],[-45.608,-8.205],[-45.591,-8.173],[-45.585,-8.129],[-45.57,-8.077],[-45.575,-8.029],[-45.551,-8.008],[-45.545,-7.96],[-45.539,-7.919],[-45.52,-7.888],[-45.526,-7.84],[-45.51,-7.802],[-45.484,-7.763],[-45.48,-7.714],[-45.457,-7.689],[-45.432,-7.661],[-45.404,-7.644],[-45.382,-7.613],[-45.343,-7.593],[-45.306,-7.574],[-45.261,-7.57],[-45.233,-7.55],[-45.183,-7.543],[-45.155,-7.513],[-45.084,-7.502],[-45.046,-7.51],[-45.011,-7.496],[-44.978,-7.482],[-44.937,-7.47],[-44.909,-7.443],[-44.869,-7.422],[-44.848,-7.386],[-44.819,-7.369],[-44.781,-7.378],[-44.743,-7.362],[-44.712,-7.397],[-44.679,-7.362],[-44.663,-7.331],[-44.616,-7.308],[-44.596,-7.277],[-44.573,-7.248],[-44.528,-7.222],[-44.5,-7.184],[-44.464,-7.161],[-44.412,-7.135],[-44.38,-7.119],[-44.333,-7.108],[-44.275,-7.069],[-44.264,-7.017],[-44.236,-6.998],[-44.206,-6.963],[-44.192,-6.926],[-44.175,-6.896],[-44.15,-6.868],[-44.128,-6.841],[-44.114,-6.805],[-44.077,-6.821],[-44.06,-6.786],[-44.033,-6.76],[-43.987,-6.757],[-43.945,-6.765],[-43.879,-6.757],[-43.853,-6.735],[-43.807,-6.718],[-43.768,-6.709],[-43.716,-6.699],[-43.672,-6.706],[-43.637,-6.719],[-43.599,-6.743],[-43.55,-6.762],[-43.533,-6.792],[-43.495,-6.809],[-43.457,-6.846],[-43.409,-6.841],[-43.387,-6.817],[-43.349,-6.798],[-43.278,-6.796],[-43.25,-6.768],[-43.204,-6.764],[-43.152,-6.782],[-43.105,-6.77],[-43.082,-6.748],[-43.048,-6.76],[-43.001,-6.754],[-42.979,-6.718],[-42.919,-6.67],[-42.904,-6.597],[-42.885,-6.567],[-42.871,-6.512],[-42.871,-6.466],[-42.877,-6.423],[-42.857,-6.39],[-42.831,-6.342],[-42.85,-6.307],[-42.855,-6.267],[-42.87,-6.231],[-42.906,-6.219],[-42.934,-6.193],[-42.968,-6.178],[-42.982,-6.129],[-43.011,-6.111],[-43.05,-6.099],[-43.075,-6.054],[-43.054,-6.024],[-43.059,-5.983],[-43.087,-5.947],[-43.095,-5.91],[-43.079,-5.871],[-43.096,-5.83],[-43.101,-5.765],[-43.077,-5.731],[-43.088,-5.683],[-43.09,-5.634],[-43.065,-5.596],[-43.027,-5.579],[-43.005,-5.542],[-42.975,-5.485],[-42.965,-5.449],[-42.931,-5.438],[-42.913,-5.398],[-42.87,-5.378],[-42.839,-5.356],[-42.813,-5.3],[-42.822,-5.255],[-42.813,-5.215],[-42.798,-5.183],[-42.808,-5.14],[-42.818,-5.095],[-42.839,-5.063],[-42.859,-4.982],[-42.854,-4.937],[-42.886,-4.9],[-42.893,-4.858],[-42.922,-4.822],[-42.949,-4.79],[-42.925,-4.75],[-42.935,-4.713],[-42.947,-4.675],[-42.919,-4.653],[-42.874,-4.582],[-42.874,-4.535],[-42.859,-4.504],[-42.869,-4.468],[-42.879,-4.42],[-42.93,-4.382],[-42.962,-4.354],[-42.976,-4.308],[-42.989,-4.234],[-42.94,-4.167],[-42.888,-4.155],[-42.903,-4.124],[-42.863,-4.093],[-42.843,-4.037],[-42.823,-3.992],[-42.785,-3.958],[-42.739,-3.925],[-42.722,-3.883],[-42.685,-3.807],[-42.683,-3.763],[-42.668,-3.729],[-42.682,-3.694],[-42.657,-3.653],[-42.624,-3.626],[-42.609,-3.586],[-42.572,-3.569],[-42.533,-3.518],[-42.512,-3.482],[-42.498,-3.447],[-42.473,-3.483],[-42.432,-3.454],[-42.406,-3.474],[-42.376,-3.452],[-42.33,-3.434],[-42.298,-3.453],[-42.243,-3.433],[-42.197,-3.425],[-42.152,-3.387],[-42.134,-3.356],[-42.122,-3.322],[-42.097,-3.298],[-42.133,-3.285],[-42.076,-3.258],[-42.03,-3.246],[-41.984,-3.224],[-41.964,-3.179],[-41.937,-3.156],[-41.926,-3.115],[-41.894,-3.093],[-41.87,-3.059],[-41.84,-3.036],[-41.814,-2.988],[-41.803,-2.945],[-41.836,-2.916],[-41.858,-2.892],[-41.861,-2.843],[-41.844,-2.81],[-41.824,-2.756],[-41.785,-2.77],[-41.753,-2.799],[-41.739,-2.806]]]]}},{"type":"Feature","properties":{"name":"Paran\u00e1"},"geometry":{"type":"MultiPolygon","coordinates":[[[[-52.064,-22.534],[-51.998,-22.545],[-51.96,-22.563],[-51.901,-22.601],[-51.873,-22.628],[-51.773,-22.614],[-51.735,-22.625],[-51.725,-22.661],[-51.681,-22.66],[-51.628,-22.658],[-51.59,-22.685],[-51.553,-22.694],[-51.498,-22.69],[-51.446,-22.653],[-51.401,-22.667],[-51.333,-22.667],[-51.283,-22.667],[-51.247,-22.685],[-51.212,-22.724],[-51.176,-22.738],[-51.113,-22.76],[-51.057,-22.766],[-51.004,-22.792],[-50.961,-22.786],[-50.926,-22.799],[-50.842,-22.831],[-50.826,-22.863],[-50.796,-22.89],[-50.806,-22.94],[-50.758,-22.947],[-50.709,-22.953],[-50.676,-22.9],[-50.637,-22.906],[-50.608,-22.923],[-50.577,-22.903],[-50.53,-22.919],[-50.504,-22.946],[-50.453,-22.943],[-50.419,-22.925],[-50.388,-22.906],[-50.359,-22.922],[-50.338,-22.948],[-50.3,-22.937],[-50.246,-22.938],[-50.207,-22.951],[-50.165,-22.946],[-50.113,-22.938],[-50.08,-22.921],[-50.046,-22.902],[-50.005,-22.927],[-49.986,-22.897],[-49.963,-22.923],[-49.965,-22.966],[-49.93,-22.983],[-49.901,-22.999],[-49.916,-23.036],[-49.885,-23.064],[-49.833,-23.065],[-49.809,-23.088],[-49.762,-23.105],[-49.73,-23.122],[-49.709,-23.156],[-49.675,-23.178],[-49.653,-23.211],[-49.647,-23.251],[-49.628,-23.281],[-49.621,-23.331],[-49.595,-23.366],[-49.62,-23.39],[-49.589,-23.415],[-49.569,-23.44],[-49.603,-23.451],[-49.614,-23.486],[-49.624,-23.523],[-49.602,-23.547],[-49.61,-23.587],[-49.608,-23.634],[-49.585,-23.658],[-49.568,-23.688],[-49.554,-23.721],[-49.572,-23.755],[-49.56,-23.79],[-49.575,-23.827],[-49.598,-23.849],[-49.586,-23.888],[-49.563,-23.912],[-49.532,-23.929],[-49.503,-23.948],[-49.497,-23.993],[-49.481,-24.024],[-49.453,-24.053],[-49.429,-24.078],[-49.405,-24.101],[-49.37,-24.114],[-49.341,-24.138],[-49.346,-24.191],[-49.323,-24.236],[-49.298,-24.268],[-49.283,-24.308],[-49.248,-24.33],[-49.205,-24.338],[-49.224,-24.365],[-49.252,-24.403],[-49.252,-24.451],[-49.271,-24.483],[-49.287,-24.514],[-49.3,-24.548],[-49.312,-24.586],[-49.316,-24.638],[-49.294,-24.674],[-49.262,-24.691],[-49.208,-24.7],[-49.185,-24.672],[-49.135,-24.675],[-49.087,-24.68],[-49.045,-24.666],[-49.018,-24.642],[-48.989,-24.659],[-48.958,-24.685],[-48.922,-24.675],[-48.878,-24.668],[-48.833,-24.659],[-48.799,-24.675],[-48.769,-24.695],[-48.734,-24.684],[-48.693,-24.69],[-48.661,-24.706],[-48.633,-24.677],[-48.589,-24.68],[-48.56,-24.71],[-48.532,-24.73],[-48.507,-24.752],[-48.53,-24.785],[-48.555,-24.806],[-48.567,-24.847],[-48.546,-24.873],[-48.572,-24.895],[-48.562,-24.939],[-48.577,-24.984],[-48.598,-25.019],[-48.582,-25.051],[-48.559,-25.075],[-48.535,-25.099],[-48.504,-25.069],[-48.484,-25.04],[-48.434,-24.991],[-48.379,-24.995],[-48.354,-25.019],[-48.324,-25.036],[-48.278,-25.033],[-48.263,-24.992],[-48.228,-25.007],[-48.21,-25.036],[-48.216,-25.076],[-48.196,-25.106],[-48.176,-25.137],[-48.178,-25.182],[-48.157,-25.217],[-48.114,-25.25],[-48.075,-25.24],[-48.044,-25.223],[-48.071,-25.273],[-48.098,-25.299],[-48.132,-25.343],[-48.157,-25.369],[-48.181,-25.401],[-48.199,-25.43],[-48.213,-25.464],[-48.257,-25.473],[-48.287,-25.489],[-48.284,-25.532],[-48.298,-25.567],[-48.358,-25.585],[-48.414,-25.623],[-48.435,-25.649],[-48.455,-25.681],[-48.474,-25.71],[-48.524,-25.799],[-48.537,-25.84],[-48.564,-25.862],[-48.568,-25.906],[-48.59,-25.958],[-48.61,-25.984],[-48.638,-25.964],[-48.669,-25.979],[-48.71,-25.983],[-48.884,-25.981],[-48.96,-25.979],[-48.986,-26.0],[-49.02,-26.016],[-49.068,-26.009],[-49.107,-25.999],[-49.141,-26.015],[-49.175,-26.001],[-49.207,-26.017],[-49.236,-26.037],[-49.257,-26.064],[-49.294,-26.085],[-49.318,-26.109],[-49.347,-26.128],[-49.371,-26.148],[-49.406,-26.161],[-49.459,-26.162],[-49.486,-26.18],[-49.498,-26.218],[-49.54,-26.213],[-49.567,-26.233],[-49.606,-26.211],[-49.63,-26.19],[-49.672,-26.185],[-49.698,-26.161],[-49.735,-26.142],[-49.764,-26.113],[-49.804,-26.107],[-49.83,-26.083],[-49.862,-26.055],[-49.891,-26.029],[-49.935,-26.032],[-49.972,-26.058],[-49.991,-26.012],[-50.006,-26.045],[-50.036,-26.028],[-50.078,-26.046],[-50.11,-26.059],[-50.152,-26.051],[-50.171,-26.025],[-50.182,-26.078],[-50.209,-26.057],[-50.235,-26.036],[-50.273,-26.048],[-50.318,-26.068],[-50.332,-26.108],[-50.366,-26.087],[-50.399,-26.063],[-50.439,-26.051],[-50.468,-26.027],[-50.513,-26.026],[-50.549,-26.039],[-50.563,-26.006],[-50.592,-26.042],[-50.553,-26.055],[-50.586,-26.069],[-50.628,-26.063],[-50.645,-26.09],[-50.652,-26.131],[-50.699,-26.181],[-50.731,-26.203],[-50.715,-26.238],[-50.752,-26.225],[-50.826,-26.246],[-50.869,-26.242],[-50.882,-26.278],[-50.908,-26.251],[-50.941,-26.234],[-50.937,-26.279],[-50.97,-26.263],[-50.991,-26.235],[-51.055,-26.244],[-51.093,-26.257],[-51.122,-26.279],[-51.163,-26.283],[-51.193,-26.302],[-51.224,-26.321],[-51.256,-26.342],[-51.267,-26.383],[-51.292,-26.404],[-51.283,-26.441],[-51.253,-26.463],[-51.274,-26.497],[-51.251,-26.52],[-51.223,-26.55],[-51.233,-26.601],[-51.258,-26.625],[-51.283,-26.653],[-51.328,-26.649],[-51.365,-26.658],[-51.405,-26.676],[-51.411,-26.717],[-51.435,-26.688],[-51.455,-26.653],[-51.475,-26.619],[-51.494,-26.589],[-51.569,-26.591],[-51.615,-26.59],[-51.646,-26.575],[-51.695,-26.583],[-51.734,-26.574],[-51.78,-26.587],[-51.818,-26.58],[-51.855,-26.592],[-51.899,-26.58],[-51.946,-26.57],[-52.011,-26.566],[-52.032,-26.54],[-52.064,-26.524],[-52.097,-26.504],[-52.122,-26.476],[-52.177,-26.453],[-52.22,-26.465],[-52.263,-26.454],[-52.305,-26.44],[-52.349,-26.438],[-52.394,-26.43],[-52.443,-26.439],[-52.476,-26.421],[-52.518,-26.404],[-52.564,-26.41],[-52.613,-26.41],[-52.636,-26.385],[-52.678,-26.352],[-52.725,-26.348],[-52.769,-26.35],[-52.814,-26.344],[-52.867,-26.356],[-52.916,-26.355],[-52.986,-26.347],[-53.027,-26.369],[-53.074,-26.386],[-53.109,-26.376],[-53.14,-26.357],[-53.184,-26.343],[-53.231,-26.312],[-53.254,-26.289],[-53.273,-26.26],[-53.319,-26.255],[-53.364,-26.251],[-53.42,-26.275],[-53.461,-26.295],[-53.522,-26.292],[-53.57,-26.275],[-53.602,-26.257],[-53.643,-26.252],[-53.65,-26.207],[-53.67,-26.178],[-53.7,-26.152],[-53.72,-26.128],[-53.737,-26.1],[-53.727,-26.062],[-53.752,-26.038],[-53.778,-26.019],[-53.804,-25.995],[-53.834,-25.97],[-53.842,-25.933],[-53.822,-25.904],[-53.849,-25.884],[-53.834,-25.85],[-53.82,-25.816],[-53.841,-25.79],[-53.834,-25.75],[-53.862,-25.733],[-53.852,-25.695],[-53.863,-25.659],[-53.894,-25.642],[-53.915,-25.616],[-53.947,-25.635],[-53.974,-25.615],[-54.0,-25.58],[-54.046,-25.584],[-54.07,-25.56],[-54.089,-25.588],[-54.123,-25.571],[-54.109,-25.539],[-54.093,-25.5],[-54.131,-25.511],[-54.157,-25.537],[-54.206,-25.542],[-54.18,-25.565],[-54.23,-25.562],[-54.241,-25.597],[-54.272,-25.566],[-54.328,-25.572],[-54.346,-25.607],[-54.386,-25.602],[-54.398,-25.638],[-54.424,-25.662],[-54.461,-25.643],[-54.5,-25.614],[-54.533,-25.6],[-54.574,-25.591],[-54.593,-25.563],[-54.6,-25.521],[-54.61,-25.475],[-54.599,-25.434],[-54.587,-25.4],[-54.568,-25.372],[-54.541,-25.349],[-54.518,-25.315],[-54.49,-25.275],[-54.481,-25.233],[-54.466,-25.201],[-54.448,-25.173],[-54.431,-25.137],[-54.452,-25.11],[-54.458,-25.069],[-54.453,-25.022],[-54.44,-24.963],[-54.429,-24.921],[-54.416,-24.882],[-54.409,-24.842],[-54.397,-24.808],[-54.382,-24.768],[-54.359,-24.745],[-54.341,-24.698],[-54.325,-24.661],[-54.319,-24.615],[-54.328,-24.55],[-54.336,-24.513],[-54.327,-24.47],[-54.301,-24.431],[-54.281,-24.405],[-54.264,-24.372],[-54.265,-24.326],[-54.285,-24.281],[-54.317,-24.254],[-54.324,-24.212],[-54.335,-24.176],[-54.345,-24.14],[-54.322,-24.106],[-54.295,-24.082],[-54.25,-24.055],[-54.168,-23.999],[-54.129,-23.982],[-54.105,-23.953],[-54.079,-23.888],[-54.088,-23.844],[-54.075,-23.764],[-54.053,-23.724],[-54.044,-23.668],[-54.029,-23.628],[-54.023,-23.586],[-54.007,-23.544],[-53.982,-23.46],[-53.932,-23.445],[-53.876,-23.419],[-53.815,-23.385],[-53.776,-23.372],[-53.73,-23.317],[-53.715,-23.283],[-53.685,-23.205],[-53.659,-23.165],[-53.636,-23.125],[-53.63,-23.011],[-53.616,-22.974],[-53.589,-22.936],[-53.56,-22.916],[-53.54,-22.886],[-53.484,-22.863],[-53.45,-22.841],[-53.411,-22.815],[-53.377,-22.803],[-53.354,-22.777],[-53.239,-22.733],[-53.191,-22.721],[-53.127,-22.652],[-53.105,-22.621],[-53.087,-22.658],[-53.053,-22.63],[-53.024,-22.604],[-52.984,-22.576],[-52.924,-22.565],[-52.885,-22.588],[-52.858,-22.608],[-52.815,-22.597],[-52.77,-22.605],[-52.722,-22.626],[-52.662,-22.611],[-52.603,-22.571],[-52.567,-22.589],[-52.54,-22.613],[-52.503,-22.634],[-52.458,-22.612],[-52.369,-22.629],[-52.304,-22.636],[-52.25,-22.615],[-52.229,-22.654],[-52.181,-22.653],[-52.161,-22.605],[-52.152,-22.569],[-52.135,-22.527],[-52.098,-22.518],[-52.064,-22.534]]]]}},{"type":"Feature","properties":{"name":"Rio de Janeiro"},"geometry":{"type":"MultiPolygon","coordinates":[[[[-44.513,-23.293],[-44.547,-23.305],[-44.568,-23.339],[-44.591,-23.362],[-44.619,-23.342],[-44.662,-23.34],[-44.708,-23.343],[-44.733,-23.364],[-44.76,-23.342],[-44.78,-23.315],[-44.805,-23.29],[-44.83,-23.269],[-44.864,-23.249],[-44.888,-23.224],[-44.873,-23.184],[-44.84,-23.167],[-44.816,-23.14],[-44.809,-23.099],[-44.811,-23.054],[-44.798,-23.021],[-44.792,-22.982],[-44.749,-22.97],[-44.711,-22.929],[-44.673,-22.918],[-44.635,-22.907],[-44.607,-22.885],[-44.555,-22.889],[-44.526,-22.867],[-44.494,-22.846],[-44.476,-22.874],[-44.426,-22.855],[-44.374,-22.858],[-44.325,-22.838],[-44.286,-22.828],[-44.261,-22.805],[-44.25,-22.757],[-44.227,-22.733],[-44.189,-22.713],[-44.169,-22.688],[-44.19,-22.647],[-44.204,-22.615],[-44.248,-22.606],[-44.295,-22.602],[-44.331,-22.589],[-44.356,-22.614],[-44.371,-22.58],[-44.409,-22.588],[-44.442,-22.604],[-44.487,-22.606],[-44.508,-22.64],[-44.533,-22.615],[-44.573,-22.601],[-44.61,-22.616],[-44.645,-22.602],[-44.641,-22.559],[-44.676,-22.545],[-44.696,-22.518],[-44.717,-22.492],[-44.727,-22.447],[-44.755,-22.414],[-44.801,-22.406],[-44.777,-22.383],[-44.741,-22.372],[-44.694,-22.37],[-44.646,-22.365],[-44.626,-22.336],[-44.587,-22.321],[-44.543,-22.331],[-44.513,-22.309],[-44.468,-22.279],[-44.446,-22.255],[-44.394,-22.258],[-44.341,-22.253],[-44.291,-22.243],[-44.261,-22.261],[-44.224,-22.252],[-44.189,-22.24],[-44.158,-22.225],[-44.126,-22.208],[-44.105,-22.184],[-44.074,-22.168],[-44.039,-22.157],[-43.993,-22.158],[-43.961,-22.14],[-43.897,-22.118],[-43.87,-22.099],[-43.823,-22.09],[-43.777,-22.066],[-43.748,-22.087],[-43.709,-22.079],[-43.673,-22.089],[-43.644,-22.066],[-43.612,-22.081],[-43.591,-22.056],[-43.568,-22.081],[-43.525,-22.072],[-43.476,-22.069],[-43.437,-22.059],[-43.368,-22.02],[-43.33,-22.01],[-43.284,-22.012],[-43.236,-22.013],[-43.203,-22.025],[-43.155,-22.032],[-43.134,-22.059],[-43.145,-22.1],[-43.106,-22.084],[-43.069,-22.091],[-43.035,-22.069],[-43.003,-22.033],[-42.966,-22.014],[-42.914,-21.992],[-42.882,-21.967],[-42.833,-21.944],[-42.791,-21.931],[-42.756,-21.915],[-42.71,-21.894],[-42.674,-21.877],[-42.637,-21.865],[-42.598,-21.853],[-42.567,-21.831],[-42.465,-21.787],[-42.432,-21.775],[-42.391,-21.76],[-42.356,-21.741],[-42.312,-21.735],[-42.271,-21.715],[-42.283,-21.68],[-42.309,-21.658],[-42.346,-21.642],[-42.369,-21.619],[-42.35,-21.588],[-42.327,-21.563],[-42.303,-21.539],[-42.273,-21.504],[-42.292,-21.46],[-42.275,-21.428],[-42.239,-21.401],[-42.232,-21.354],[-42.229,-21.308],[-42.217,-21.274],[-42.189,-21.249],[-42.201,-21.209],[-42.198,-21.167],[-42.179,-21.14],[-42.164,-21.101],[-42.134,-21.085],[-42.101,-21.049],[-42.111,-21.011],[-42.141,-20.993],[-42.125,-20.955],[-42.093,-20.936],[-42.046,-20.933],[-41.998,-20.926],[-41.964,-20.906],[-41.95,-20.874],[-41.929,-20.844],[-41.925,-20.801],[-41.885,-20.785],[-41.853,-20.764],[-41.825,-20.788],[-41.775,-20.799],[-41.741,-20.818],[-41.74,-20.866],[-41.725,-20.897],[-41.733,-20.943],[-41.716,-20.975],[-41.716,-21.022],[-41.732,-21.066],[-41.723,-21.104],[-41.688,-21.121],[-41.653,-21.137],[-41.613,-21.155],[-41.575,-21.168],[-41.531,-21.179],[-41.482,-21.183],[-41.454,-21.208],[-41.417,-21.199],[-41.373,-21.203],[-41.334,-21.21],[-41.297,-21.234],[-41.257,-21.225],[-41.212,-21.235],[-41.164,-21.243],[-41.133,-21.226],[-41.092,-21.218],[-41.055,-21.238],[-41.006,-21.252],[-40.985,-21.286],[-40.96,-21.317],[-40.965,-21.363],[-40.982,-21.393],[-41.006,-21.419],[-41.025,-21.447],[-41.056,-21.477],[-41.071,-21.508],[-41.057,-21.584],[-41.031,-21.604],[-41.024,-21.68],[-41.023,-21.731],[-41.014,-21.771],[-40.996,-21.848],[-40.987,-21.886],[-40.974,-21.947],[-40.985,-21.999],[-41.009,-22.022],[-41.077,-22.056],[-41.11,-22.077],[-41.158,-22.11],[-41.188,-22.124],[-41.222,-22.139],[-41.262,-22.152],[-41.298,-22.162],[-41.342,-22.174],[-41.381,-22.184],[-41.419,-22.194],[-41.472,-22.209],[-41.538,-22.232],[-41.572,-22.246],[-41.623,-22.267],[-41.682,-22.296],[-41.727,-22.329],[-41.758,-22.349],[-41.77,-22.384],[-41.798,-22.404],[-41.829,-22.425],[-41.854,-22.45],[-41.874,-22.483],[-41.912,-22.51],[-41.932,-22.538],[-41.974,-22.552],[-41.986,-22.589],[-41.997,-22.627],[-41.988,-22.703],[-41.971,-22.73],[-41.946,-22.754],[-41.912,-22.769],[-41.883,-22.75],[-41.897,-22.786],[-41.931,-22.797],[-41.958,-22.817],[-41.983,-22.844],[-41.991,-22.882],[-42.025,-22.896],[-42.035,-22.934],[-42.007,-22.953],[-42.013,-22.997],[-42.034,-22.971],[-42.076,-22.955],[-42.135,-22.951],[-42.189,-22.947],[-42.291,-22.939],[-42.367,-22.935],[-42.412,-22.935],[-42.463,-22.937],[-42.51,-22.934],[-42.555,-22.933],[-42.6,-22.934],[-42.643,-22.938],[-42.683,-22.948],[-42.733,-22.957],[-42.778,-22.959],[-42.824,-22.963],[-42.875,-22.966],[-42.918,-22.974],[-42.994,-22.969],[-43.033,-22.976],[-43.069,-22.959],[-43.111,-22.954],[-43.095,-22.92],[-43.133,-22.908],[-43.114,-22.881],[-43.099,-22.849],[-43.08,-22.819],[-43.07,-22.779],[-43.045,-22.755],[-43.027,-22.725],[-43.038,-22.688],[-43.082,-22.679],[-43.116,-22.696],[-43.152,-22.707],[-43.195,-22.723],[-43.227,-22.739],[-43.254,-22.758],[-43.278,-22.78],[-43.267,-22.822],[-43.244,-22.844],[-43.226,-22.875],[-43.189,-22.888],[-43.161,-22.908],[-43.174,-22.944],[-43.187,-22.982],[-43.232,-22.995],[-43.274,-23.001],[-43.306,-23.016],[-43.358,-23.011],[-43.431,-23.02],[-43.467,-23.03],[-43.504,-23.041],[-43.536,-23.054],[-43.565,-23.075],[-43.595,-23.052],[-43.657,-23.053],[-43.711,-23.056],[-43.667,-23.042],[-43.623,-23.033],[-43.573,-23.05],[-43.597,-23.028],[-43.625,-23.007],[-43.664,-22.987],[-43.713,-22.97],[-43.739,-22.949],[-43.768,-22.932],[-43.805,-22.914],[-43.841,-22.929],[-43.867,-22.904],[-43.91,-22.93],[-43.954,-22.928],[-43.994,-22.94],[-44.022,-22.958],[-44.047,-22.984],[-44.046,-22.938],[-44.078,-22.955],[-44.086,-22.993],[-44.11,-23.023],[-44.144,-23.035],[-44.179,-23.05],[-44.228,-23.052],[-44.222,-23.011],[-44.262,-23.005],[-44.29,-23.024],[-44.327,-23.015],[-44.31,-22.98],[-44.336,-22.961],[-44.344,-22.922],[-44.37,-22.944],[-44.407,-22.952],[-44.435,-22.972],[-44.446,-23.012],[-44.487,-23.016],[-44.529,-23.028],[-44.563,-23.042],[-44.594,-23.062],[-44.631,-23.049],[-44.67,-23.056],[-44.69,-23.083],[-44.698,-23.12],[-44.706,-23.163],[-44.721,-23.202],[-44.701,-23.233],[-44.673,-23.215],[-44.651,-23.188],[-44.617,-23.204],[-44.651,-23.222],[-44.677,-23.242],[-44.638,-23.235],[-44.648,-23.284],[-44.62,-23.258],[-44.596,-23.235],[-44.579,-23.271],[-44.537,-23.268],[-44.513,-23.293]]]]}},{"type":"Feature","properties":{"name":"Rio Grande do Norte"},"geometry":{"type":"MultiPolygon","coordinates":[[[[-37.152,-4.935],[-37.109,-4.925],[-37.071,-4.936],[-37.038,-4.951],[-36.999,-4.931],[-36.962,-4.919],[-36.933,-4.939],[-36.896,-4.95],[-36.86,-4.967],[-36.836,-4.997],[-36.799,-5.038],[-36.742,-5.061],[-36.703,-5.068],[-36.667,-5.085],[-36.623,-5.081],[-36.558,-5.084],[-36.516,-5.07],[-36.473,-5.063],[-36.412,-5.076],[-36.376,-5.088],[-36.327,-5.088],[-36.28,-5.089],[-36.151,-5.095],[-36.112,-5.084],[-36.078,-5.065],[-36.041,-5.053],[-36.0,-5.044],[-35.954,-5.043],[-35.914,-5.057],[-35.873,-5.068],[-35.828,-5.075],[-35.784,-5.075],[-35.736,-5.093],[-35.7,-5.102],[-35.639,-5.12],[-35.594,-5.123],[-35.556,-5.138],[-35.52,-5.15],[-35.465,-5.185],[-35.439,-5.209],[-35.389,-5.257],[-35.369,-5.293],[-35.359,-5.344],[-35.339,-5.376],[-35.31,-5.404],[-35.292,-5.435],[-35.278,-5.47],[-35.259,-5.506],[-35.249,-5.543],[-35.232,-5.574],[-35.224,-5.624],[-35.218,-5.663],[-35.201,-5.693],[-35.204,-5.74],[-35.193,-5.781],[-35.18,-5.826],[-35.174,-5.877],[-35.156,-5.909],[-35.146,-5.963],[-35.118,-5.985],[-35.111,-6.03],[-35.1,-6.069],[-35.099,-6.115],[-35.095,-6.171],[-35.078,-6.211],[-35.042,-6.227],[-35.035,-6.273],[-35.035,-6.322],[-35.022,-6.362],[-34.987,-6.384],[-34.975,-6.424],[-34.97,-6.467],[-34.986,-6.496],[-35.028,-6.505],[-35.057,-6.527],[-35.095,-6.497],[-35.123,-6.529],[-35.145,-6.552],[-35.193,-6.55],[-35.218,-6.518],[-35.252,-6.533],[-35.33,-6.544],[-35.364,-6.512],[-35.398,-6.492],[-35.441,-6.487],[-35.49,-6.481],[-35.533,-6.483],[-35.58,-6.486],[-35.6,-6.46],[-35.658,-6.446],[-35.71,-6.47],[-35.764,-6.48],[-35.853,-6.487],[-35.944,-6.493],[-36.005,-6.481],[-36.035,-6.444],[-36.061,-6.41],[-36.097,-6.419],[-36.138,-6.426],[-36.203,-6.432],[-36.249,-6.437],[-36.295,-6.393],[-36.278,-6.345],[-36.295,-6.293],[-36.343,-6.302],[-36.394,-6.294],[-36.43,-6.362],[-36.499,-6.358],[-36.507,-6.4],[-36.524,-6.436],[-36.528,-6.479],[-36.5,-6.513],[-36.478,-6.54],[-36.443,-6.56],[-36.435,-6.625],[-36.473,-6.614],[-36.508,-6.595],[-36.537,-6.653],[-36.547,-6.695],[-36.534,-6.733],[-36.504,-6.756],[-36.507,-6.813],[-36.537,-6.835],[-36.57,-6.848],[-36.609,-6.936],[-36.655,-6.928],[-36.711,-6.977],[-36.766,-6.935],[-36.751,-6.889],[-36.73,-6.836],[-36.772,-6.787],[-36.835,-6.731],[-36.896,-6.752],[-36.937,-6.772],[-36.973,-6.757],[-36.98,-6.719],[-37.026,-6.728],[-37.059,-6.749],[-37.12,-6.767],[-37.147,-6.792],[-37.183,-6.819],[-37.234,-6.824],[-37.255,-6.798],[-37.273,-6.767],[-37.28,-6.724],[-37.294,-6.692],[-37.342,-6.701],[-37.397,-6.699],[-37.484,-6.71],[-37.475,-6.673],[-37.474,-6.618],[-37.474,-6.564],[-37.425,-6.532],[-37.396,-6.514],[-37.391,-6.452],[-37.396,-6.401],[-37.377,-6.369],[-37.364,-6.324],[-37.334,-6.308],[-37.313,-6.279],[-37.27,-6.251],[-37.233,-6.214],[-37.194,-6.198],[-37.165,-6.17],[-37.168,-6.116],[-37.175,-6.055],[-37.21,-6.04],[-37.245,-6.027],[-37.268,-6.051],[-37.309,-6.057],[-37.345,-6.077],[-37.383,-6.087],[-37.407,-6.112],[-37.454,-6.12],[-37.483,-6.151],[-37.531,-6.152],[-37.573,-6.158],[-37.608,-6.175],[-37.646,-6.189],[-37.695,-6.187],[-37.749,-6.193],[-37.774,-6.231],[-37.758,-6.287],[-37.81,-6.291],[-37.833,-6.321],[-37.841,-6.363],[-37.888,-6.364],[-37.901,-6.399],[-37.928,-6.421],[-37.955,-6.398],[-37.979,-6.426],[-38.016,-6.442],[-38.04,-6.473],[-38.083,-6.485],[-38.115,-6.521],[-38.147,-6.491],[-38.187,-6.499],[-38.228,-6.483],[-38.288,-6.505],[-38.315,-6.481],[-38.343,-6.458],[-38.375,-6.437],[-38.401,-6.41],[-38.448,-6.403],[-38.484,-6.387],[-38.476,-6.345],[-38.534,-6.342],[-38.573,-6.348],[-38.566,-6.302],[-38.554,-6.263],[-38.528,-6.237],[-38.527,-6.193],[-38.473,-6.152],[-38.457,-6.108],[-38.431,-6.075],[-38.401,-6.053],[-38.372,-6.083],[-38.32,-6.077],[-38.277,-6.07],[-38.252,-6.043],[-38.244,-5.999],[-38.206,-5.964],[-38.165,-5.946],[-38.146,-5.916],[-38.125,-5.887],[-38.116,-5.848],[-38.104,-5.812],[-38.076,-5.781],[-38.058,-5.753],[-38.073,-5.723],[-38.082,-5.672],[-38.053,-5.646],[-38.019,-5.605],[-37.998,-5.57],[-37.956,-5.538],[-37.932,-5.503],[-37.899,-5.49],[-37.888,-5.454],[-37.86,-5.406],[-37.847,-5.34],[-37.812,-5.317],[-37.786,-5.297],[-37.785,-5.247],[-37.776,-5.187],[-37.765,-5.139],[-37.733,-5.1],[-37.712,-5.062],[-37.676,-5.05],[-37.64,-4.926],[-37.466,-4.886],[-37.357,-4.861],[-37.257,-4.838],[-37.228,-4.871],[-37.192,-4.908],[-37.167,-4.932],[-37.152,-4.935]]]]}},{"type":"Feature","properties":{"name":"Rond\u00f4nia"},"geometry":{"type":"MultiPolygon","coordinates":[[[[-66.459,-9.875],[-66.5,-9.882],[-66.543,-9.877],[-66.576,-9.893],[-66.689,-9.862],[-66.806,-9.814],[-66.78,-9.791],[-66.762,-9.758],[-66.701,-9.743],[-66.685,-9.714],[-66.639,-9.689],[-66.609,-9.665],[-66.551,-9.657],[-66.516,-9.637],[-66.495,-9.601],[-66.467,-9.582],[-66.439,-9.554],[-66.392,-9.5],[-66.39,-9.455],[-66.414,-9.422],[-66.366,-9.425],[-66.319,-9.42],[-66.284,-9.432],[-66.259,-9.411],[-66.226,-9.427],[-66.173,-9.434],[-66.123,-9.408],[-66.059,-9.418],[-66.002,-9.404],[-65.967,-9.42],[-65.94,-9.443],[-65.922,-9.471],[-65.88,-9.487],[-65.857,-9.51],[-65.825,-9.53],[-65.812,-9.563],[-65.778,-9.577],[-65.75,-9.553],[-65.702,-9.519],[-65.68,-9.485],[-65.672,-9.446],[-65.634,-9.429],[-65.596,-9.413],[-65.555,-9.422],[-65.522,-9.447],[-65.492,-9.473],[-65.442,-9.464],[-65.443,-9.42],[-65.448,-9.378],[-65.443,-9.33],[-65.393,-9.339],[-65.351,-9.323],[-65.318,-9.296],[-65.284,-9.27],[-65.246,-9.257],[-65.211,-9.279],[-65.202,-9.321],[-65.197,-9.367],[-65.174,-9.389],[-65.184,-9.427],[-65.149,-9.442],[-65.11,-9.432],[-65.085,-9.405],[-65.047,-9.396],[-65.026,-9.354],[-65.003,-9.319],[-64.977,-9.292],[-64.946,-9.266],[-64.924,-9.232],[-64.931,-9.185],[-64.94,-9.132],[-64.915,-9.074],[-64.894,-9.043],[-64.87,-9.012],[-64.839,-8.994],[-64.799,-8.985],[-64.761,-9.02],[-64.724,-9.006],[-64.693,-8.99],[-64.671,-9.014],[-64.611,-9.016],[-64.579,-9.001],[-64.55,-8.978],[-64.496,-8.979],[-64.446,-8.976],[-64.408,-8.96],[-64.323,-8.928],[-64.326,-8.979],[-64.265,-8.988],[-64.175,-8.96],[-64.141,-8.945],[-64.151,-8.897],[-64.154,-8.855],[-64.135,-8.82],[-64.144,-8.776],[-64.13,-8.722],[-64.075,-8.713],[-64.027,-8.715],[-64.021,-8.675],[-64.005,-8.641],[-63.986,-8.585],[-63.954,-8.607],[-63.924,-8.575],[-63.945,-8.55],[-63.96,-8.51],[-63.958,-8.466],[-63.939,-8.441],[-63.977,-8.42],[-63.945,-8.387],[-63.944,-8.331],[-63.904,-8.322],[-63.881,-8.291],[-63.836,-8.3],[-63.791,-8.333],[-63.761,-8.293],[-63.722,-8.249],[-63.743,-8.216],[-63.731,-8.181],[-63.693,-8.158],[-63.676,-8.127],[-63.666,-8.081],[-63.638,-8.047],[-63.62,-7.969],[-63.552,-7.973],[-63.5,-7.976],[-62.866,-7.975],[-62.832,-7.994],[-62.809,-8.025],[-62.743,-8.045],[-62.712,-8.08],[-62.678,-8.111],[-62.677,-8.157],[-62.666,-8.196],[-62.649,-8.237],[-62.61,-8.259],[-62.581,-8.278],[-62.555,-8.306],[-62.551,-8.358],[-62.525,-8.378],[-62.493,-8.362],[-62.465,-8.339],[-62.432,-8.372],[-62.389,-8.376],[-62.36,-8.398],[-62.369,-8.446],[-62.366,-8.493],[-62.337,-8.516],[-62.325,-8.563],[-62.341,-8.594],[-62.289,-8.639],[-62.293,-8.596],[-62.242,-8.58],[-62.203,-8.595],[-62.174,-8.628],[-62.165,-8.679],[-62.148,-8.718],[-62.124,-8.801],[-62.074,-8.798],[-62.021,-8.823],[-61.994,-8.848],[-61.971,-8.874],[-61.924,-8.879],[-61.883,-8.862],[-61.863,-8.833],[-61.855,-8.789],[-61.844,-8.747],[-61.789,-8.745],[-61.761,-8.728],[-61.741,-8.695],[-61.705,-8.707],[-61.65,-8.713],[-61.628,-8.748],[-61.605,-8.794],[-61.558,-8.807],[-61.513,-8.837],[-61.492,-8.884],[-61.468,-8.917],[-61.491,-8.941],[-61.511,-8.976],[-61.527,-9.019],[-61.541,-9.053],[-61.554,-9.09],[-61.541,-9.153],[-61.52,-9.195],[-61.526,-9.244],[-61.575,-9.237],[-61.602,-9.256],[-61.632,-9.276],[-61.615,-9.306],[-61.625,-9.363],[-61.576,-9.37],[-61.55,-9.417],[-61.581,-9.458],[-61.556,-9.488],[-61.527,-9.533],[-61.51,-9.565],[-61.502,-9.615],[-61.48,-9.64],[-61.506,-9.662],[-61.519,-9.697],[-61.563,-9.712],[-61.531,-9.74],[-61.547,-9.787],[-61.532,-9.819],[-61.511,-9.852],[-61.517,-9.899],[-61.528,-9.935],[-61.531,-9.989],[-61.555,-10.038],[-61.583,-10.06],[-61.591,-10.111],[-61.6,-10.154],[-61.559,-10.175],[-61.573,-10.209],[-61.571,-10.259],[-61.544,-10.301],[-61.527,-10.331],[-61.501,-10.353],[-61.492,-10.39],[-61.469,-10.416],[-61.472,-10.459],[-61.479,-10.529],[-61.477,-10.588],[-61.489,-10.629],[-61.482,-10.669],[-61.498,-10.7],[-61.476,-10.722],[-61.476,-10.767],[-61.505,-10.784],[-61.511,-10.829],[-61.523,-10.88],[-61.523,-10.938],[-61.53,-10.979],[-61.428,-10.987],[-61.0,-10.992],[-60.831,-10.989],[-60.46,-10.989],[-60.441,-11.016],[-60.414,-11.043],[-60.395,-11.08],[-60.347,-11.109],[-60.317,-11.065],[-60.277,-11.079],[-60.248,-11.096],[-60.21,-11.106],[-60.159,-11.095],[-60.12,-11.107],[-60.084,-11.096],[-60.066,-11.125],[-60.026,-11.13],[-59.986,-11.114],[-59.997,-11.151],[-59.98,-11.179],[-59.983,-11.224],[-59.968,-11.259],[-59.954,-11.299],[-59.917,-11.346],[-59.922,-11.393],[-59.938,-11.423],[-59.976,-11.439],[-60.002,-11.478],[-60.031,-11.498],[-60.05,-11.528],[-60.075,-11.55],[-60.098,-11.577],[-60.11,-11.613],[-60.118,-11.654],[-60.118,-11.698],[-60.111,-11.748],[-60.103,-11.787],[-60.099,-11.83],[-60.08,-11.862],[-60.06,-11.895],[-60.012,-11.893],[-59.985,-11.914],[-59.986,-11.96],[-59.97,-11.989],[-59.979,-12.029],[-59.957,-12.056],[-59.929,-12.078],[-59.901,-12.115],[-59.9,-12.167],[-59.901,-12.215],[-59.886,-12.245],[-59.831,-12.292],[-59.774,-12.341],[-59.804,-12.367],[-59.832,-12.401],[-59.841,-12.459],[-59.868,-12.482],[-59.913,-12.48],[-59.957,-12.502],[-60.0,-12.536],[-60.026,-12.561],[-60.039,-12.599],[-60.068,-12.616],[-60.078,-12.664],[-60.085,-12.712],[-60.08,-12.759],[-60.077,-12.804],[-60.079,-12.881],[-60.105,-12.919],[-60.117,-12.959],[-60.154,-12.967],[-60.19,-12.976],[-60.213,-13.007],[-60.237,-13.035],[-60.257,-13.062],[-60.282,-13.093],[-60.276,-13.139],[-60.296,-13.177],[-60.319,-13.216],[-60.333,-13.258],[-60.353,-13.293],[-60.373,-13.324],[-60.371,-13.367],[-60.376,-13.413],[-60.387,-13.454],[-60.43,-13.482],[-60.478,-13.493],[-60.53,-13.517],[-60.548,-13.548],[-60.577,-13.565],[-60.632,-13.571],[-60.655,-13.602],[-60.685,-13.625],[-60.702,-13.66],[-60.715,-13.693],[-60.755,-13.687],[-60.773,-13.661],[-60.815,-13.643],[-60.847,-13.63],[-60.882,-13.61],[-60.908,-13.584],[-60.921,-13.551],[-60.967,-13.536],[-61.006,-13.547],[-61.004,-13.503],[-61.04,-13.485],[-61.06,-13.511],[-61.09,-13.492],[-61.1,-13.528],[-61.138,-13.517],[-61.18,-13.508],[-61.214,-13.527],[-61.243,-13.51],[-61.285,-13.502],[-61.336,-13.505],[-61.373,-13.52],[-61.403,-13.538],[-61.454,-13.549],[-61.499,-13.547],[-61.53,-13.532],[-61.569,-13.518],[-61.598,-13.501],[-61.641,-13.508],[-61.686,-13.509],[-61.724,-13.522],[-61.757,-13.54],[-61.798,-13.533],[-61.84,-13.548],[-61.867,-13.527],[-61.883,-13.497],[-61.885,-13.45],[-61.914,-13.433],[-61.94,-13.407],[-61.967,-13.386],[-61.994,-13.364],[-62.013,-13.333],[-62.046,-13.316],[-62.076,-13.292],[-62.101,-13.269],[-62.109,-13.228],[-62.113,-13.188],[-62.124,-13.15],[-62.169,-13.134],[-62.198,-13.15],[-62.214,-13.111],[-62.244,-13.13],[-62.274,-13.147],[-62.316,-13.134],[-62.357,-13.141],[-62.397,-13.13],[-62.434,-13.101],[-62.458,-13.08],[-62.502,-13.083],[-62.546,-13.074],[-62.581,-13.055],[-62.612,-13.04],[-62.63,-13.01],[-62.649,-12.984],[-62.689,-12.991],[-62.725,-13.002],[-62.759,-13.015],[-62.794,-12.995],[-62.808,-12.962],[-62.831,-12.937],[-62.86,-12.912],[-62.88,-12.887],[-62.896,-12.856],[-62.931,-12.842],[-62.97,-12.858],[-63.0,-12.84],[-63.017,-12.806],[-63.035,-12.775],[-63.047,-12.74],[-63.08,-12.724],[-63.063,-12.694],[-63.097,-12.68],[-63.121,-12.655],[-63.148,-12.635],[-63.184,-12.626],[-63.202,-12.656],[-63.243,-12.662],[-63.277,-12.683],[-63.322,-12.672],[-63.353,-12.657],[-63.393,-12.642],[-63.409,-12.611],[-63.437,-12.583],[-63.464,-12.562],[-63.508,-12.561],[-63.534,-12.535],[-63.551,-12.508],[-63.586,-12.492],[-63.619,-12.477],[-63.656,-12.461],[-63.692,-12.45],[-63.733,-12.438],[-63.778,-12.433],[-63.81,-12.449],[-63.846,-12.461],[-63.879,-12.446],[-63.896,-12.476],[-63.92,-12.511],[-63.949,-12.529],[-63.982,-12.511],[-64.027,-12.512],[-64.056,-12.493],[-64.094,-12.484],[-64.122,-12.505],[-64.163,-12.514],[-64.172,-12.467],[-64.212,-12.462],[-64.251,-12.475],[-64.279,-12.5],[-64.29,-12.46],[-64.349,-12.459],[-64.391,-12.449],[-64.423,-12.432],[-64.447,-12.409],[-64.478,-12.379],[-64.511,-12.35],[-64.497,-12.317],[-64.496,-12.262],[-64.506,-12.227],[-64.541,-12.238],[-64.568,-12.219],[-64.614,-12.213],[-64.653,-12.199],[-64.694,-12.188],[-64.716,-12.153],[-64.704,-12.111],[-64.736,-12.138],[-64.757,-12.112],[-64.784,-12.087],[-64.817,-12.107],[-64.81,-12.067],[-64.821,-12.029],[-64.848,-12.008],[-64.889,-12.016],[-64.936,-12.009],[-64.974,-12.018],[-65.0,-11.993],[-65.028,-11.976],[-65.017,-11.919],[-65.031,-11.887],[-65.067,-11.872],[-65.061,-11.824],[-65.071,-11.757],[-65.08,-11.72],[-65.123,-11.718],[-65.178,-11.721],[-65.203,-11.748],[-65.236,-11.73],[-65.26,-11.706],[-65.232,-11.675],[-65.218,-11.641],[-65.225,-11.597],[-65.219,-11.553],[-65.259,-11.514],[-65.294,-11.504],[-65.318,-11.447],[-65.325,-11.405],[-65.335,-11.354],[-65.305,-11.335],[-65.334,-11.313],[-65.361,-11.251],[-65.348,-11.211],[-65.321,-11.189],[-65.354,-11.173],[-65.355,-11.127],[-65.328,-11.105],[-65.287,-11.092],[-65.294,-11.045],[-65.275,-11.006],[-65.251,-10.984],[-65.271,-10.952],[-65.283,-10.919],[-65.273,-10.876],[-65.297,-10.847],[-65.32,-10.822],[-65.353,-10.804],[-65.345,-10.758],[-65.344,-10.699],[-65.354,-10.662],[-65.394,-10.645],[-65.415,-10.618],[-65.397,-10.589],[-65.407,-10.549],[-65.414,-10.5],[-65.406,-10.463],[-65.385,-10.438],[-65.384,-10.392],[-65.375,-10.352],[-65.347,-10.321],[-65.321,-10.297],[-65.31,-10.258],[-65.293,-10.227],[-65.301,-10.186],[-65.3,-10.139],[-65.302,-10.095],[-65.325,-10.066],[-65.322,-10.01],[-65.332,-9.966],[-65.321,-9.906],[-65.295,-9.877],[-65.286,-9.841],[-65.311,-9.821],[-65.327,-9.78],[-65.345,-9.747],[-65.363,-9.712],[-65.394,-9.685],[-65.429,-9.674],[-65.456,-9.704],[-65.488,-9.717],[-65.503,-9.756],[-65.512,-9.792],[-65.552,-9.804],[-65.559,-9.843],[-65.597,-9.831],[-65.633,-9.818],[-65.654,-9.792],[-65.689,-9.805],[-65.709,-9.772],[-65.685,-9.749],[-65.729,-9.761],[-65.771,-9.758],[-65.788,-9.788],[-65.815,-9.755],[-65.842,-9.785],[-65.868,-9.761],[-65.915,-9.762],[-65.955,-9.767],[-65.974,-9.797],[-66.018,-9.81],[-66.04,-9.787],[-66.085,-9.791],[-66.127,-9.786],[-66.171,-9.795],[-66.191,-9.822],[-66.238,-9.815],[-66.274,-9.832],[-66.319,-9.836],[-66.354,-9.848],[-66.382,-9.867],[-66.417,-9.884],[-66.453,-9.871],[-66.459,-9.875]]]]}},{"type":"Feature","properties":{"name":"Roraima"},"geometry":{"type":"MultiPolygon","coordinates":[[[[-59.916,3.146],[-59.924,3.109],[-59.946,3.085],[-59.951,3.042],[-59.947,3.0],[-59.961,2.962],[-59.98,2.933],[-59.982,2.889],[-59.988,2.845],[-59.988,2.798],[-59.986,2.748],[-59.988,2.701],[-59.972,2.667],[-59.963,2.627],[-59.954,2.591],[-59.928,2.572],[-59.92,2.531],[-59.91,2.495],[-59.892,2.465],[-59.895,2.423],[-59.906,2.389],[-59.887,2.358],[-59.853,2.338],[-59.824,2.321],[-59.8,2.298],[-59.759,2.291],[-59.722,2.277],[-59.724,2.233],[-59.73,2.193],[-59.737,2.152],[-59.72,2.115],[-59.738,2.08],[-59.73,2.038],[-59.733,1.992],[-59.742,1.948],[-59.754,1.912],[-59.752,1.866],[-59.72,1.85],[-59.681,1.844],[-59.654,1.817],[-59.68,1.795],[-59.69,1.758],[-59.662,1.737],[-59.622,1.722],[-59.585,1.73],[-59.544,1.722],[-59.526,1.695],[-59.493,1.674],[-59.485,1.633],[-59.447,1.62],[-59.426,1.587],[-59.41,1.553],[-59.384,1.529],[-59.361,1.506],[-59.321,1.483],[-59.296,1.461],[-59.281,1.431],[-59.259,1.397],[-59.226,1.378],[-59.182,1.368],[-59.152,1.349],[-59.109,1.346],[-59.076,1.331],[-59.032,1.328],[-58.989,1.325],[-58.952,1.314],[-58.917,1.304],[-58.894,1.272],[-58.911,1.239],[-58.895,0.614],[-58.895,0.264],[-59.192,0.264],[-59.433,0.264],[-60.037,0.264],[-60.059,0.163],[-60.086,0.143],[-60.118,0.129],[-60.137,0.103],[-60.134,0.054],[-60.16,0.017],[-60.182,-0.008],[-60.203,-0.033],[-60.214,-0.072],[-60.23,-0.11],[-60.249,-0.167],[-60.276,-0.202],[-60.299,-0.256],[-60.289,-0.293],[-60.302,-0.328],[-60.317,-0.358],[-60.336,-0.385],[-60.345,-0.42],[-60.375,-0.464],[-60.391,-0.494],[-60.397,-0.546],[-60.379,-0.576],[-60.357,-0.605],[-60.327,-0.64],[-60.303,-0.674],[-60.309,-0.724],[-60.341,-0.739],[-60.379,-0.749],[-60.419,-0.764],[-60.457,-0.774],[-60.497,-0.789],[-60.519,-0.833],[-60.531,-0.875],[-60.591,-0.853],[-60.622,-0.868],[-60.654,-0.883],[-60.707,-0.865],[-60.752,-0.861],[-60.757,-0.812],[-60.773,-0.782],[-60.788,-0.744],[-60.797,-0.701],[-60.843,-0.69],[-60.854,-0.648],[-60.908,-0.624],[-60.912,-0.581],[-60.938,-0.56],[-60.987,-0.561],[-61.025,-0.544],[-61.063,-0.513],[-61.096,-0.499],[-61.148,-0.499],[-61.198,-0.506],[-61.216,-0.533],[-61.231,-0.564],[-61.275,-0.576],[-61.326,-0.598],[-61.366,-0.607],[-61.398,-0.624],[-61.43,-0.643],[-61.464,-0.664],[-61.474,-0.702],[-61.516,-0.745],[-61.552,-0.811],[-61.543,-0.852],[-61.558,-0.893],[-61.58,-0.93],[-61.583,-0.982],[-61.56,-1.01],[-61.544,-1.062],[-61.576,-1.079],[-61.571,-1.12],[-61.582,-1.164],[-61.594,-1.22],[-61.607,-1.258],[-61.626,-1.294],[-61.601,-1.32],[-61.582,-1.353],[-61.619,-1.394],[-61.581,-1.409],[-61.555,-1.429],[-61.532,-1.465],[-61.516,-1.502],[-61.481,-1.518],[-61.474,-1.579],[-61.544,-1.525],[-61.559,-1.495],[-61.604,-1.448],[-61.646,-1.432],[-61.717,-1.409],[-61.769,-1.383],[-61.814,-1.397],[-61.869,-1.401],[-61.901,-1.387],[-61.909,-1.348],[-61.949,-1.297],[-61.961,-1.254],[-61.987,-1.216],[-62.017,-1.141],[-62.039,-1.118],[-62.066,-1.098],[-62.105,-1.086],[-62.125,-1.037],[-62.168,-1.014],[-62.199,-1.0],[-62.227,-0.973],[-62.265,-0.964],[-62.298,-0.941],[-62.317,-0.914],[-62.346,-0.892],[-62.376,-0.866],[-62.394,-0.829],[-62.428,-0.812],[-62.462,-0.798],[-62.501,-0.781],[-62.498,-0.734],[-62.492,-0.687],[-62.428,-0.693],[-62.406,-0.727],[-62.382,-0.706],[-62.353,-0.677],[-62.326,-0.656],[-62.29,-0.646],[-62.3,-0.611],[-62.308,-0.567],[-62.309,-0.514],[-62.288,-0.488],[-62.273,-0.454],[-62.243,-0.432],[-62.217,-0.409],[-62.203,-0.368],[-62.191,-0.334],[-62.219,-0.311],[-62.254,-0.279],[-62.253,-0.219],[-62.241,-0.181],[-62.29,-0.139],[-62.319,-0.102],[-62.332,-0.06],[-62.322,-0.024],[-62.346,0.03],[-62.37,0.054],[-62.414,0.075],[-62.428,0.119],[-62.428,0.174],[-62.452,0.208],[-62.468,0.276],[-62.458,0.314],[-62.451,0.366],[-62.458,0.418],[-62.485,0.454],[-62.521,0.472],[-62.532,0.509],[-62.518,0.584],[-62.538,0.676],[-62.5,0.748],[-62.462,0.777],[-62.464,0.825],[-62.483,0.855],[-62.47,0.918],[-62.442,0.96],[-62.461,0.995],[-62.477,1.028],[-62.47,1.078],[-62.521,1.084],[-62.546,1.125],[-62.554,1.175],[-62.586,1.256],[-62.61,1.353],[-62.626,1.386],[-62.637,1.434],[-62.676,1.455],[-62.72,1.489],[-62.736,1.53],[-62.764,1.556],[-62.804,1.591],[-62.796,1.631],[-62.773,1.657],[-62.733,1.695],[-62.731,1.819],[-62.704,1.874],[-62.706,1.94],[-62.742,1.967],[-62.813,1.992],[-62.838,2.017],[-62.919,2.025],[-62.98,2.018],[-63.023,2.015],[-63.07,2.04],[-63.098,2.073],[-63.119,2.097],[-63.138,2.142],[-63.158,2.175],[-63.262,2.157],[-63.31,2.165],[-63.359,2.197],[-63.401,2.246],[-63.4,2.291],[-63.425,2.365],[-63.394,2.407],[-63.42,2.437],[-63.465,2.434],[-63.516,2.424],[-63.559,2.413],[-63.607,2.397],[-63.643,2.385],[-63.708,2.381],[-63.757,2.389],[-63.801,2.398],[-63.838,2.411],[-63.872,2.426],[-63.916,2.44],[-63.961,2.455],[-63.993,2.477],[-64.037,2.487],[-64.054,2.518],[-64.044,2.559],[-64.024,2.591],[-64.002,2.627],[-63.984,2.66],[-63.994,2.695],[-63.999,2.74],[-64.009,2.779],[-64.016,2.821],[-64.047,2.837],[-64.063,2.869],[-64.069,2.917],[-64.089,2.946],[-64.124,2.981],[-64.14,3.015],[-64.169,3.053],[-64.197,3.078],[-64.224,3.101],[-64.222,3.147],[-64.208,3.189],[-64.213,3.233],[-64.237,3.304],[-64.235,3.369],[-64.251,3.404],[-64.239,3.443],[-64.202,3.477],[-64.185,3.513],[-64.185,3.56],[-64.205,3.59],[-64.244,3.625],[-64.262,3.652],[-64.282,3.677],[-64.322,3.719],[-64.351,3.74],[-64.389,3.76],[-64.428,3.78],[-64.472,3.782],[-64.5,3.804],[-64.524,3.842],[-64.552,3.864],[-64.571,3.897],[-64.591,3.935],[-64.622,3.956],[-64.643,3.985],[-64.673,4.005],[-64.683,4.041],[-64.708,4.067],[-64.722,4.105],[-64.753,4.137],[-64.783,4.153],[-64.81,4.175],[-64.821,4.212],[-64.82,4.259],[-64.797,4.286],[-64.75,4.275],[-64.698,4.252],[-64.658,4.212],[-64.643,4.176],[-64.63,4.144],[-64.602,4.12],[-64.56,4.102],[-64.522,4.116],[-64.465,4.12],[-64.43,4.134],[-64.386,4.138],[-64.335,4.13],[-64.296,4.139],[-64.262,4.127],[-64.222,4.118],[-64.18,4.124],[-64.147,4.111],[-64.112,4.092],[-64.096,4.054],[-64.08,4.006],[-64.05,3.951],[-64.001,3.932],[-63.988,3.899],[-63.965,3.872],[-63.944,3.901],[-63.914,3.926],[-63.876,3.937],[-63.84,3.947],[-63.802,3.935],[-63.758,3.939],[-63.731,3.915],[-63.689,3.91],[-63.7,3.945],[-63.69,3.98],[-63.68,4.017],[-63.649,3.994],[-63.627,3.97],[-63.605,3.943],[-63.59,3.912],[-63.569,3.884],[-63.539,3.866],[-63.51,3.848],[-63.49,3.874],[-63.456,3.861],[-63.434,3.886],[-63.412,3.911],[-63.439,3.938],[-63.428,3.978],[-63.378,3.973],[-63.338,3.958],[-63.311,3.982],[-63.282,3.96],[-63.24,3.955],[-63.207,3.941],[-63.22,3.904],[-63.232,3.863],[-63.218,3.828],[-63.184,3.814],[-63.145,3.805],[-63.106,3.795],[-63.082,3.768],[-63.058,3.741],[-63.066,3.701],[-63.045,3.673],[-63.02,3.648],[-63.0,3.623],[-62.965,3.611],[-62.935,3.629],[-62.92,3.666],[-62.887,3.683],[-62.852,3.712],[-62.829,3.736],[-62.797,3.721],[-62.775,3.698],[-62.747,3.674],[-62.732,3.705],[-62.737,3.749],[-62.735,3.794],[-62.754,3.822],[-62.768,3.868],[-62.788,3.894],[-62.782,3.933],[-62.753,3.956],[-62.765,3.996],[-62.751,4.027],[-62.705,4.03],[-62.662,4.037],[-62.62,4.041],[-62.586,4.03],[-62.552,4.043],[-62.542,4.079],[-62.53,4.115],[-62.504,4.14],[-62.46,4.143],[-62.445,4.18],[-62.402,4.178],[-62.37,4.163],[-62.335,4.141],[-62.288,4.141],[-62.251,4.13],[-62.219,4.11],[-62.177,4.091],[-62.145,4.075],[-62.113,4.092],[-62.099,4.125],[-62.077,4.15],[-62.036,4.157],[-61.993,4.175],[-61.965,4.142],[-61.945,4.112],[-61.923,4.137],[-61.899,4.161],[-61.861,4.171],[-61.817,4.178],[-61.807,4.214],[-61.768,4.229],[-61.738,4.258],[-61.691,4.254],[-61.646,4.252],[-61.608,4.261],[-61.572,4.251],[-61.541,4.273],[-61.519,4.302],[-61.526,4.341],[-61.519,4.38],[-61.498,4.41],[-61.468,4.425],[-61.427,4.43],[-61.382,4.427],[-61.341,4.421],[-61.32,4.446],[-61.288,4.464],[-61.303,4.494],[-61.328,4.518],[-61.301,4.538],[-61.256,4.534],[-61.22,4.524],[-61.18,4.515],[-61.152,4.496],[-61.118,4.508],[-61.077,4.518],[-61.036,4.522],[-60.996,4.518],[-60.972,4.544],[-60.953,4.573],[-60.938,4.606],[-60.95,4.642],[-60.926,4.663],[-60.91,4.693],[-60.886,4.716],[-60.847,4.708],[-60.82,4.727],[-60.79,4.746],[-60.753,4.756],[-60.721,4.779],[-60.705,4.81],[-60.676,4.832],[-60.656,4.865],[-60.63,4.889],[-60.611,4.921],[-60.588,4.947],[-60.595,4.992],[-60.616,5.02],[-60.631,5.05],[-60.642,5.09],[-60.657,5.126],[-60.668,5.169],[-60.694,5.197],[-60.736,5.202],[-60.706,5.221],[-60.668,5.23],[-60.632,5.22],[-60.59,5.215],[-60.545,5.195],[-60.507,5.203],[-60.464,5.2],[-60.434,5.182],[-60.412,5.214],[-60.371,5.208],[-60.328,5.206],[-60.296,5.227],[-60.263,5.251],[-60.226,5.264],[-60.193,5.252],[-60.17,5.228],[-60.139,5.248],[-60.123,5.214],[-60.103,5.175],[-60.09,5.141],[-60.059,5.125],[-60.028,5.097],[-59.999,5.08],[-60.003,5.034],[-59.99,4.987],[-59.995,4.946],[-60.006,4.91],[-60.013,4.87],[-60.029,4.825],[-60.039,4.784],[-60.03,4.747],[-60.03,4.701],[-60.055,4.677],[-60.078,4.649],[-60.083,4.605],[-60.126,4.597],[-60.143,4.568],[-60.159,4.536],[-60.139,4.506],[-60.104,4.519],[-60.067,4.508],[-60.035,4.491],[-59.994,4.486],[-59.965,4.503],[-59.93,4.487],[-59.909,4.459],[-59.876,4.476],[-59.849,4.452],[-59.804,4.458],[-59.775,4.438],[-59.748,4.42],[-59.72,4.4],[-59.693,4.378],[-59.675,4.347],[-59.702,4.319],[-59.722,4.291],[-59.729,4.244],[-59.727,4.199],[-59.71,4.165],[-59.68,4.147],[-59.636,4.143],[-59.637,4.094],[-59.626,4.054],[-59.603,4.032],[-59.589,3.996],[-59.57,3.969],[-59.526,3.967],[-59.528,3.924],[-59.565,3.916],[-59.587,3.889],[-59.586,3.84],[-59.595,3.802],[-59.627,3.787],[-59.669,3.773],[-59.671,3.729],[-59.687,3.698],[-59.719,3.675],[-59.752,3.652],[-59.774,3.626],[-59.814,3.62],[-59.85,3.604],[-59.862,3.569],[-59.842,3.541],[-59.806,3.511],[-59.821,3.479],[-59.84,3.443],[-59.817,3.418],[-59.809,3.376],[-59.833,3.353],[-59.841,3.316],[-59.86,3.279],[-59.878,3.246],[-59.895,3.217],[-59.908,3.178],[-59.916,3.146]]]]}},{"type":"Feature","properties":{"name":"Rio Grande do Sul"},"geometry":{"type":"MultiPolygon","coordinates":[[[[-52.044,-31.574],[-52.088,-31.549],[-52.115,-31.571],[-52.109,-31.609],[-52.074,-31.624],[-52.081,-31.666],[-52.134,-31.693],[-52.173,-31.712],[-52.203,-31.731],[-52.226,-31.764],[-52.215,-31.799],[-52.222,-31.843],[-52.253,-31.863],[-52.234,-31.894],[-52.16,-31.911],[-52.127,-31.931],[-52.113,-31.978],[-52.093,-32.007],[-52.068,-32.03],[-52.086,-32.058],[-52.101,-32.094],[-52.101,-32.14],[-52.119,-32.168],[-52.149,-32.186],[-52.185,-32.216],[-52.212,-32.24],[-52.262,-32.295],[-52.306,-32.361],[-52.342,-32.426],[-52.371,-32.489],[-52.416,-32.607],[-52.442,-32.712],[-52.452,-32.749],[-52.467,-32.798],[-52.511,-32.903],[-52.541,-32.952],[-52.561,-32.989],[-52.579,-33.026],[-52.595,-33.058],[-52.615,-33.092],[-52.633,-33.121],[-52.654,-33.149],[-52.68,-33.182],[-52.72,-33.228],[-52.746,-33.257],[-52.789,-33.297],[-52.816,-33.318],[-52.885,-33.373],[-53.043,-33.498],[-53.146,-33.584],[-53.179,-33.61],[-53.241,-33.656],[-53.289,-33.689],[-53.329,-33.716],[-53.373,-33.745],[-53.416,-33.748],[-53.438,-33.712],[-53.473,-33.692],[-53.523,-33.689],[-53.533,-33.647],[-53.53,-33.6],[-53.51,-33.573],[-53.491,-33.544],[-53.466,-33.574],[-53.456,-33.538],[-53.443,-33.504],[-53.429,-33.465],[-53.428,-33.42],[-53.442,-33.38],[-53.462,-33.296],[-53.467,-33.25],[-53.445,-33.193],[-53.43,-33.156],[-53.385,-33.135],[-53.36,-33.112],[-53.336,-33.076],[-53.298,-33.098],[-53.261,-33.107],[-53.236,-33.067],[-53.21,-33.044],[-53.189,-33.017],[-53.161,-32.972],[-53.166,-32.906],[-53.161,-32.864],[-53.15,-32.825],[-53.126,-32.793],[-53.093,-32.822],[-53.042,-32.8],[-53.0,-32.761],[-52.994,-32.803],[-52.972,-32.829],[-52.934,-32.862],[-52.908,-32.881],[-52.87,-32.905],[-52.81,-32.907],[-52.78,-32.89],[-52.756,-32.868],[-52.734,-32.837],[-52.716,-32.81],[-52.699,-32.78],[-52.672,-32.729],[-52.645,-32.682],[-52.627,-32.651],[-52.611,-32.62],[-52.594,-32.557],[-52.587,-32.519],[-52.609,-32.459],[-52.625,-32.424],[-52.644,-32.393],[-52.662,-32.366],[-52.683,-32.335],[-52.685,-32.279],[-52.671,-32.242],[-52.656,-32.205],[-52.632,-32.168],[-52.677,-32.164],[-52.716,-32.171],[-52.743,-32.192],[-52.765,-32.223],[-52.78,-32.257],[-52.796,-32.291],[-52.813,-32.321],[-52.792,-32.348],[-52.773,-32.377],[-52.737,-32.365],[-52.742,-32.407],[-52.77,-32.432],[-52.805,-32.451],[-52.867,-32.46],[-52.912,-32.468],[-52.946,-32.481],[-52.982,-32.509],[-52.989,-32.548],[-53.0,-32.594],[-53.037,-32.614],[-53.07,-32.628],[-53.113,-32.638],[-53.163,-32.647],[-53.216,-32.638],[-53.248,-32.606],[-53.283,-32.62],[-53.311,-32.6],[-53.354,-32.591],[-53.4,-32.581],[-53.424,-32.558],[-53.454,-32.526],[-53.466,-32.492],[-53.502,-32.48],[-53.543,-32.474],[-53.582,-32.452],[-53.612,-32.417],[-53.632,-32.388],[-53.643,-32.336],[-53.65,-32.291],[-53.671,-32.267],[-53.685,-32.219],[-53.71,-32.199],[-53.719,-32.162],[-53.734,-32.128],[-53.744,-32.091],[-53.772,-32.072],[-53.814,-32.06],[-53.841,-32.038],[-53.849,-32.001],[-53.89,-31.994],[-53.912,-31.967],[-53.947,-31.956],[-53.963,-31.923],[-54.003,-31.915],[-54.039,-31.897],[-54.067,-31.921],[-54.107,-31.911],[-54.14,-31.894],[-54.166,-31.866],[-54.454,-31.652],[-54.467,-31.612],[-54.474,-31.57],[-54.497,-31.54],[-54.518,-31.511],[-54.546,-31.493],[-54.579,-31.472],[-54.63,-31.456],[-54.672,-31.453],[-54.71,-31.44],[-54.748,-31.428],[-54.789,-31.433],[-54.831,-31.439],[-54.856,-31.418],[-54.88,-31.393],[-54.913,-31.381],[-54.933,-31.355],[-54.957,-31.323],[-54.982,-31.296],[-55.006,-31.268],[-55.033,-31.287],[-55.057,-31.315],[-55.102,-31.313],[-55.135,-31.301],[-55.164,-31.281],[-55.193,-31.264],[-55.238,-31.26],[-55.247,-31.224],[-55.266,-31.195],[-55.284,-31.165],[-55.31,-31.146],[-55.337,-31.125],[-55.326,-31.088],[-55.357,-31.067],[-55.37,-31.031],[-55.406,-31.018],[-55.435,-30.993],[-55.451,-30.96],[-55.486,-30.947],[-55.505,-30.917],[-55.533,-30.897],[-55.556,-30.872],[-55.577,-30.84],[-55.621,-30.844],[-55.648,-30.864],[-55.642,-30.911],[-55.66,-30.938],[-55.698,-30.949],[-55.726,-30.969],[-55.749,-30.993],[-55.774,-31.014],[-55.814,-31.025],[-55.847,-31.042],[-55.869,-31.07],[-55.91,-31.075],[-55.952,-31.08],[-56.009,-31.081],[-56.018,-31.044],[-56.015,-31.0],[-56.012,-30.953],[-56.009,-30.909],[-55.994,-30.873],[-56.004,-30.835],[-56.021,-30.8],[-56.045,-30.775],[-56.066,-30.748],[-56.107,-30.733],[-56.136,-30.711],[-56.151,-30.68],[-56.168,-30.65],[-56.177,-30.612],[-56.219,-30.607],[-56.238,-30.574],[-56.266,-30.555],[-56.288,-30.531],[-56.336,-30.524],[-56.353,-30.493],[-56.392,-30.485],[-56.404,-30.447],[-56.437,-30.432],[-56.452,-30.4],[-56.495,-30.386],[-56.52,-30.359],[-56.551,-30.343],[-56.57,-30.306],[-56.611,-30.3],[-56.623,-30.266],[-56.641,-30.234],[-56.658,-30.2],[-56.704,-30.193],[-56.729,-30.172],[-56.768,-30.163],[-56.779,-30.127],[-56.807,-30.104],[-56.854,-30.089],[-56.898,-30.106],[-56.932,-30.094],[-56.977,-30.097],[-57.022,-30.088],[-57.056,-30.099],[-57.088,-30.12],[-57.111,-30.143],[-57.139,-30.162],[-57.159,-30.192],[-57.156,-30.234],[-57.182,-30.255],[-57.202,-30.285],[-57.247,-30.29],[-57.295,-30.283],[-57.339,-30.275],[-57.383,-30.288],[-57.415,-30.302],[-57.44,-30.275],[-57.477,-30.265],[-57.501,-30.287],[-57.548,-30.273],[-57.557,-30.237],[-57.609,-30.189],[-57.575,-30.173],[-57.542,-30.16],[-57.507,-30.139],[-57.466,-30.11],[-57.448,-30.077],[-57.408,-30.034],[-57.373,-30.015],[-57.335,-29.99],[-57.325,-29.95],[-57.326,-29.905],[-57.318,-29.866],[-57.294,-29.831],[-57.262,-29.805],[-57.234,-29.783],[-57.169,-29.78],[-57.133,-29.77],[-57.101,-29.749],[-57.07,-29.722],[-57.045,-29.702],[-57.019,-29.68],[-56.991,-29.646],[-56.968,-29.623],[-56.954,-29.583],[-56.926,-29.56],[-56.904,-29.535],[-56.876,-29.514],[-56.843,-29.499],[-56.81,-29.476],[-56.783,-29.438],[-56.775,-29.398],[-56.755,-29.37],[-56.711,-29.365],[-56.692,-29.339],[-56.667,-29.299],[-56.646,-29.259],[-56.643,-29.197],[-56.607,-29.158],[-56.592,-29.126],[-56.555,-29.114],[-56.516,-29.094],[-56.465,-29.083],[-56.422,-29.077],[-56.408,-29.04],[-56.414,-29.0],[-56.394,-28.958],[-56.362,-28.944],[-56.329,-28.928],[-56.303,-28.9],[-56.295,-28.859],[-56.3,-28.813],[-56.262,-28.778],[-56.218,-28.774],[-56.177,-28.763],[-56.158,-28.734],[-56.136,-28.701],[-56.114,-28.678],[-56.08,-28.651],[-56.056,-28.63],[-56.024,-28.616],[-56.0,-28.592],[-56.019,-28.553],[-56.01,-28.507],[-55.956,-28.495],[-55.916,-28.482],[-55.88,-28.472],[-55.897,-28.422],[-55.881,-28.37],[-55.849,-28.355],[-55.811,-28.365],[-55.76,-28.368],[-55.729,-28.384],[-55.715,-28.419],[-55.689,-28.392],[-55.672,-28.352],[-55.686,-28.316],[-55.714,-28.298],[-55.744,-28.28],[-55.78,-28.257],[-55.749,-28.233],[-55.71,-28.225],[-55.67,-28.197],[-55.639,-28.179],[-55.619,-28.149],[-55.604,-28.115],[-55.586,-28.147],[-55.549,-28.155],[-55.537,-28.122],[-55.508,-28.105],[-55.49,-28.077],[-55.463,-28.095],[-55.43,-28.077],[-55.4,-28.048],[-55.369,-28.027],[-55.384,-27.987],[-55.351,-27.973],[-55.331,-27.939],[-55.297,-27.927],[-55.255,-27.922],[-55.232,-27.885],[-55.207,-27.865],[-55.164,-27.867],[-55.14,-27.892],[-55.125,-27.86],[-55.088,-27.841],[-55.052,-27.853],[-55.025,-27.833],[-55.053,-27.814],[-55.082,-27.793],[-55.058,-27.769],[-55.03,-27.787],[-54.992,-27.778],[-54.942,-27.775],[-54.924,-27.746],[-54.902,-27.719],[-54.905,-27.655],[-54.885,-27.625],[-54.839,-27.605],[-54.831,-27.566],[-54.816,-27.535],[-54.79,-27.554],[-54.774,-27.585],[-54.747,-27.565],[-54.7,-27.569],[-54.671,-27.55],[-54.674,-27.508],[-54.648,-27.532],[-54.609,-27.514],[-54.591,-27.48],[-54.567,-27.457],[-54.544,-27.481],[-54.519,-27.501],[-54.492,-27.479],[-54.447,-27.474],[-54.466,-27.436],[-54.43,-27.42],[-54.381,-27.429],[-54.359,-27.459],[-54.336,-27.436],[-54.292,-27.444],[-54.267,-27.422],[-54.249,-27.393],[-54.214,-27.382],[-54.208,-27.34],[-54.19,-27.307],[-54.184,-27.265],[-54.152,-27.28],[-54.119,-27.301],[-54.077,-27.297],[-54.054,-27.265],[-54.022,-27.243],[-54.017,-27.201],[-53.97,-27.198],[-53.958,-27.161],[-53.914,-27.173],[-53.888,-27.153],[-53.866,-27.128],[-53.842,-27.162],[-53.802,-27.169],[-53.773,-27.148],[-53.748,-27.19],[-53.714,-27.18],[-53.675,-27.161],[-53.649,-27.184],[-53.635,-27.219],[-53.619,-27.188],[-53.563,-27.173],[-53.526,-27.196],[-53.489,-27.182],[-53.507,-27.147],[-53.463,-27.152],[-53.411,-27.14],[-53.393,-27.112],[-53.363,-27.094],[-53.342,-27.119],[-53.299,-27.126],[-53.318,-27.195],[-53.252,-27.177],[-53.196,-27.191],[-53.173,-27.15],[-53.141,-27.17],[-53.072,-27.157],[-53.078,-27.116],[-53.058,-27.086],[-53.02,-27.095],[-53.042,-27.126],[-53.026,-27.157],[-53.003,-27.133],[-52.983,-27.164],[-53.0,-27.206],[-52.965,-27.18],[-52.937,-27.198],[-52.896,-27.192],[-52.862,-27.169],[-52.846,-27.203],[-52.8,-27.203],[-52.759,-27.215],[-52.754,-27.257],[-52.721,-27.235],[-52.706,-27.272],[-52.677,-27.257],[-52.631,-27.264],[-52.59,-27.248],[-52.549,-27.238],[-52.497,-27.263],[-52.478,-27.235],[-52.445,-27.217],[-52.44,-27.26],[-52.395,-27.292],[-52.381,-27.259],[-52.375,-27.304],[-52.337,-27.294],[-52.306,-27.317],[-52.301,-27.26],[-52.253,-27.257],[-52.277,-27.297],[-52.24,-27.307],[-52.213,-27.33],[-52.184,-27.283],[-52.166,-27.311],[-52.121,-27.303],[-52.106,-27.341],[-52.048,-27.344],[-52.009,-27.334],[-51.997,-27.377],[-51.951,-27.381],[-51.988,-27.39],[-51.955,-27.414],[-51.938,-27.443],[-51.963,-27.467],[-51.916,-27.459],[-51.902,-27.496],[-51.877,-27.519],[-51.857,-27.475],[-51.854,-27.518],[-51.804,-27.524],[-51.753,-27.487],[-51.724,-27.513],[-51.699,-27.48],[-51.676,-27.506],[-51.642,-27.492],[-51.631,-27.538],[-51.594,-27.525],[-51.578,-27.576],[-51.548,-27.56],[-51.49,-27.56],[-51.475,-27.598],[-51.435,-27.633],[-51.386,-27.623],[-51.377,-27.662],[-51.336,-27.673],[-51.311,-27.694],[-51.291,-27.725],[-51.246,-27.761],[-51.206,-27.776],[-51.158,-27.803],[-51.131,-27.83],[-51.082,-27.834],[-51.065,-27.867],[-51.017,-27.925],[-51.001,-27.963],[-50.945,-27.969],[-50.925,-27.995],[-50.893,-28.02],[-50.875,-28.053],[-50.899,-28.078],[-50.869,-28.109],[-50.833,-28.119],[-50.804,-28.139],[-50.786,-28.168],[-50.759,-28.202],[-50.749,-28.247],[-50.711,-28.265],[-50.674,-28.303],[-50.65,-28.345],[-50.63,-28.372],[-50.591,-28.382],[-50.562,-28.414],[-50.529,-28.426],[-50.47,-28.414],[-50.433,-28.431],[-50.388,-28.444],[-50.357,-28.42],[-50.345,-28.463],[-50.328,-28.434],[-50.292,-28.451],[-50.247,-28.429],[-50.228,-28.46],[-50.191,-28.45],[-50.164,-28.474],[-50.139,-28.494],[-50.159,-28.46],[-50.127,-28.438],[-50.107,-28.473],[-50.061,-28.476],[-50.025,-28.464],[-49.987,-28.455],[-49.95,-28.466],[-49.909,-28.46],[-49.873,-28.442],[-49.866,-28.487],[-49.825,-28.478],[-49.79,-28.495],[-49.772,-28.467],[-49.762,-28.502],[-49.728,-28.518],[-49.748,-28.546],[-49.725,-28.569],[-49.709,-28.604],[-49.739,-28.625],[-49.78,-28.63],[-49.817,-28.64],[-49.837,-28.667],[-49.842,-28.713],[-49.88,-28.736],[-49.905,-28.713],[-49.935,-28.728],[-49.953,-28.76],[-49.947,-28.8],[-49.958,-28.852],[-49.929,-28.871],[-49.948,-28.9],[-49.953,-28.94],[-49.934,-28.974],[-49.956,-29.011],[-50.007,-29.072],[-49.967,-29.064],[-49.969,-29.11],[-49.991,-29.134],[-50.019,-29.154],[-50.042,-29.184],[-50.086,-29.178],[-50.093,-29.222],[-50.129,-29.201],[-50.15,-29.229],[-50.144,-29.275],[-50.118,-29.297],[-50.084,-29.316],[-50.059,-29.336],[-50.092,-29.296],[-50.114,-29.259],[-50.073,-29.248],[-50.038,-29.237],[-50.003,-29.226],[-49.971,-29.207],[-49.915,-29.207],[-49.881,-29.22],[-49.857,-29.242],[-49.841,-29.277],[-49.797,-29.289],[-49.749,-29.297],[-49.731,-29.328],[-49.748,-29.376],[-49.777,-29.411],[-49.802,-29.443],[-49.847,-29.504],[-49.873,-29.54],[-49.905,-29.583],[-49.934,-29.624],[-49.959,-29.667],[-49.99,-29.723],[-50.008,-29.755],[-50.039,-29.813],[-50.06,-29.855],[-50.077,-29.888],[-50.096,-29.93],[-50.113,-29.965],[-50.136,-30.021],[-50.168,-30.097],[-50.182,-30.133],[-50.196,-30.167],[-50.224,-30.236],[-50.251,-30.303],[-50.277,-30.372],[-50.307,-30.451],[-50.327,-30.49],[-50.357,-30.539],[-50.382,-30.574],[-50.474,-30.695],[-50.544,-30.797],[-50.562,-30.825],[-50.592,-30.863],[-50.638,-30.924],[-50.665,-30.96],[-50.687,-30.99],[-50.769,-31.11],[-50.848,-31.195],[-50.887,-31.236],[-50.94,-31.281],[-50.965,-31.303],[-50.995,-31.326],[-51.023,-31.349],[-51.053,-31.374],[-51.119,-31.435],[-51.173,-31.472],[-51.221,-31.536],[-51.25,-31.567],[-51.458,-31.718],[-51.514,-31.75],[-51.552,-31.771],[-51.583,-31.788],[-51.619,-31.808],[-51.657,-31.827],[-51.718,-31.855],[-51.817,-31.91],[-51.885,-31.958],[-51.979,-32.043],[-52.007,-32.072],[-52.032,-32.098],[-52.06,-32.127],[-52.081,-32.157],[-52.076,-32.112],[-52.057,-32.08],[-52.043,-32.049],[-52.045,-32.001],[-52.022,-31.969],[-52.026,-31.915],[-52.053,-31.891],[-52.088,-31.863],[-52.08,-31.825],[-52.004,-31.819],[-51.93,-31.859],[-51.868,-31.871],[-51.808,-31.838],[-51.787,-31.806],[-51.839,-31.806],[-51.797,-31.787],[-51.743,-31.788],[-51.693,-31.782],[-51.649,-31.757],[-51.609,-31.72],[-51.573,-31.681],[-51.549,-31.652],[-51.527,-31.615],[-51.506,-31.584],[-51.474,-31.559],[-51.448,-31.606],[-51.465,-31.564],[-51.448,-31.527],[-51.433,-31.484],[-51.41,-31.511],[-51.377,-31.526],[-51.317,-31.512],[-51.289,-31.492],[-51.256,-31.474],[-51.214,-31.427],[-51.195,-31.396],[-51.179,-31.363],[-51.162,-31.295],[-51.161,-31.212],[-51.173,-31.161],[-51.177,-31.085],[-51.137,-31.092],[-51.082,-31.085],[-51.053,-31.065],[-51.01,-31.049],[-50.972,-31.032],[-50.954,-31.003],[-50.951,-30.959],[-50.962,-30.923],[-50.934,-30.904],[-50.889,-30.894],[-50.846,-30.858],[-50.819,-30.84],[-50.78,-30.827],[-50.747,-30.811],[-50.724,-30.781],[-50.703,-30.748],[-50.69,-30.706],[-50.679,-30.609],[-50.683,-30.552],[-50.686,-30.5],[-50.698,-30.435],[-50.72,-30.391],[-50.708,-30.353],[-50.677,-30.37],[-50.648,-30.391],[-50.632,-30.358],[-50.593,-30.394],[-50.621,-30.411],[-50.656,-30.426],[-50.64,-30.463],[-50.611,-30.485],[-50.571,-30.471],[-50.565,-30.431],[-50.553,-30.37],[-50.546,-30.331],[-50.543,-30.281],[-50.559,-30.251],[-50.583,-30.222],[-50.606,-30.196],[-50.658,-30.199],[-50.666,-30.244],[-50.654,-30.281],[-50.706,-30.297],[-50.75,-30.296],[-50.792,-30.304],[-50.775,-30.333],[-50.819,-30.329],[-50.858,-30.321],[-50.906,-30.323],[-50.93,-30.346],[-50.938,-30.383],[-50.931,-30.425],[-50.97,-30.409],[-51.012,-30.389],[-51.058,-30.385],[-51.049,-30.344],[-51.025,-30.321],[-51.029,-30.277],[-51.069,-30.271],[-51.086,-30.241],[-51.128,-30.248],[-51.169,-30.238],[-51.192,-30.214],[-51.214,-30.19],[-51.232,-30.163],[-51.245,-30.127],[-51.266,-30.103],[-51.242,-30.072],[-51.25,-30.035],[-51.277,-30.01],[-51.3,-30.034],[-51.311,-30.072],[-51.314,-30.128],[-51.323,-30.17],[-51.319,-30.212],[-51.292,-30.231],[-51.299,-30.283],[-51.275,-30.308],[-51.247,-30.328],[-51.21,-30.297],[-51.207,-30.34],[-51.191,-30.377],[-51.129,-30.359],[-51.095,-30.381],[-51.12,-30.401],[-51.142,-30.471],[-51.141,-30.426],[-51.182,-30.407],[-51.229,-30.423],[-51.247,-30.45],[-51.264,-30.48],[-51.287,-30.533],[-51.303,-30.588],[-51.302,-30.634],[-51.293,-30.702],[-51.295,-30.75],[-51.306,-30.715],[-51.319,-30.679],[-51.329,-30.638],[-51.376,-30.64],[-51.392,-30.683],[-51.405,-30.756],[-51.39,-30.84],[-51.369,-30.874],[-51.429,-30.875],[-51.476,-30.889],[-51.496,-30.915],[-51.499,-30.972],[-51.487,-31.017],[-51.473,-31.05],[-51.451,-31.082],[-51.488,-31.102],[-51.527,-31.11],[-51.567,-31.128],[-51.607,-31.134],[-51.639,-31.18],[-51.642,-31.225],[-51.629,-31.261],[-51.67,-31.27],[-51.72,-31.269],[-51.757,-31.285],[-51.79,-31.273],[-51.818,-31.291],[-51.843,-31.323],[-51.872,-31.3],[-51.904,-31.313],[-51.932,-31.334],[-51.96,-31.353],[-51.982,-31.385],[-51.995,-31.423],[-52.005,-31.473],[-52.014,-31.525],[-52.013,-31.577],[-52.012,-31.622],[-52.032,-31.695],[-52.058,-31.669],[-52.034,-31.646],[-52.05,-31.606],[-52.044,-31.574]]]]}},{"type":"Feature","properties":{"name":"Santa Catarina"},"geometry":{"type":"MultiPolygon","coordinates":[[[[-53.72,-26.56],[-53.726,-26.52],[-53.705,-26.496],[-53.696,-26.455],[-53.704,-26.412],[-53.697,-26.363],[-53.677,-26.332],[-53.659,-26.304],[-53.643,-26.274],[-53.607,-26.257],[-53.572,-26.275],[-53.522,-26.292],[-53.473,-26.29],[-53.432,-26.278],[-53.389,-26.25],[-53.345,-26.247],[-53.311,-26.259],[-53.259,-26.28],[-53.231,-26.312],[-53.201,-26.329],[-53.169,-26.348],[-53.133,-26.364],[-53.1,-26.384],[-53.046,-26.38],[-53.005,-26.356],[-52.95,-26.362],[-52.877,-26.36],[-52.847,-26.343],[-52.79,-26.352],[-52.751,-26.344],[-52.718,-26.357],[-52.658,-26.374],[-52.621,-26.395],[-52.594,-26.415],[-52.539,-26.404],[-52.496,-26.42],[-52.465,-26.436],[-52.412,-26.432],[-52.367,-26.432],[-52.323,-26.44],[-52.284,-26.458],[-52.242,-26.463],[-52.19,-26.446],[-52.157,-26.471],[-52.112,-26.476],[-52.093,-26.512],[-52.062,-26.527],[-52.03,-26.546],[-51.986,-26.565],[-51.928,-26.584],[-51.884,-26.586],[-51.843,-26.595],[-51.802,-26.586],[-51.757,-26.581],[-51.695,-26.583],[-51.665,-26.566],[-51.631,-26.587],[-51.587,-26.589],[-51.53,-26.592],[-51.49,-26.605],[-51.464,-26.627],[-51.447,-26.66],[-51.407,-26.7],[-51.391,-26.663],[-51.353,-26.652],[-51.305,-26.655],[-51.277,-26.636],[-51.239,-26.628],[-51.224,-26.593],[-51.236,-26.546],[-51.256,-26.52],[-51.266,-26.482],[-51.283,-26.441],[-51.292,-26.404],[-51.267,-26.383],[-51.252,-26.349],[-51.227,-26.321],[-51.203,-26.298],[-51.163,-26.291],[-51.122,-26.279],[-51.093,-26.258],[-51.069,-26.237],[-51.0,-26.23],[-50.972,-26.254],[-50.944,-26.282],[-50.941,-26.234],[-50.908,-26.251],[-50.9,-26.289],[-50.879,-26.258],[-50.839,-26.271],[-50.793,-26.227],[-50.746,-26.229],[-50.709,-26.189],[-50.678,-26.147],[-50.648,-26.126],[-50.641,-26.078],[-50.597,-26.07],[-50.556,-26.059],[-50.589,-26.044],[-50.571,-26.003],[-50.549,-26.039],[-50.513,-26.026],[-50.476,-26.034],[-50.439,-26.051],[-50.408,-26.065],[-50.371,-26.08],[-50.36,-26.117],[-50.323,-26.134],[-50.332,-26.083],[-50.298,-26.055],[-50.264,-26.044],[-50.224,-26.06],[-50.182,-26.078],[-50.161,-26.053],[-50.142,-26.027],[-50.121,-26.064],[-50.093,-26.045],[-50.056,-26.036],[-50.006,-26.045],[-49.993,-26.011],[-49.966,-26.04],[-49.942,-26.008],[-49.904,-26.026],[-49.865,-26.035],[-49.842,-26.064],[-49.824,-26.092],[-49.792,-26.113],[-49.751,-26.12],[-49.724,-26.143],[-49.688,-26.176],[-49.653,-26.187],[-49.629,-26.211],[-49.592,-26.223],[-49.555,-26.237],[-49.529,-26.217],[-49.491,-26.21],[-49.464,-26.173],[-49.421,-26.166],[-49.372,-26.153],[-49.347,-26.128],[-49.318,-26.109],[-49.294,-26.085],[-49.266,-26.067],[-49.242,-26.044],[-49.217,-26.024],[-49.182,-26.008],[-49.141,-26.015],[-49.107,-25.999],[-49.068,-26.009],[-49.022,-26.013],[-48.985,-26.004],[-48.95,-25.99],[-48.884,-25.981],[-48.71,-25.983],[-48.669,-25.979],[-48.643,-25.956],[-48.62,-25.982],[-48.603,-26.026],[-48.602,-26.07],[-48.597,-26.124],[-48.58,-26.165],[-48.537,-26.17],[-48.516,-26.222],[-48.523,-26.269],[-48.54,-26.3],[-48.556,-26.335],[-48.582,-26.389],[-48.597,-26.427],[-48.607,-26.47],[-48.632,-26.51],[-48.651,-26.547],[-48.664,-26.58],[-48.676,-26.613],[-48.687,-26.669],[-48.68,-26.716],[-48.671,-26.762],[-48.632,-26.78],[-48.585,-26.783],[-48.6,-26.819],[-48.63,-26.843],[-48.64,-26.886],[-48.631,-26.928],[-48.626,-26.971],[-48.61,-27.004],[-48.567,-27.007],[-48.581,-27.041],[-48.593,-27.075],[-48.609,-27.108],[-48.584,-27.145],[-48.549,-27.157],[-48.525,-27.13],[-48.492,-27.147],[-48.495,-27.199],[-48.53,-27.181],[-48.561,-27.198],[-48.593,-27.216],[-48.613,-27.248],[-48.609,-27.292],[-48.59,-27.319],[-48.553,-27.304],[-48.532,-27.333],[-48.526,-27.376],[-48.562,-27.386],[-48.57,-27.427],[-48.626,-27.434],[-48.639,-27.469],[-48.632,-27.516],[-48.612,-27.547],[-48.594,-27.574],[-48.567,-27.595],[-48.594,-27.617],[-48.629,-27.629],[-48.601,-27.661],[-48.597,-27.709],[-48.588,-27.751],[-48.593,-27.806],[-48.577,-27.836],[-48.601,-27.864],[-48.574,-27.883],[-48.593,-27.911],[-48.617,-27.939],[-48.63,-27.99],[-48.617,-28.023],[-48.609,-28.062],[-48.631,-28.09],[-48.643,-28.132],[-48.657,-28.165],[-48.665,-28.204],[-48.646,-28.233],[-48.677,-28.257],[-48.7,-28.295],[-48.705,-28.336],[-48.727,-28.364],[-48.745,-28.402],[-48.755,-28.438],[-48.765,-28.473],[-48.748,-28.5],[-48.757,-28.538],[-48.785,-28.559],[-48.81,-28.585],[-48.834,-28.612],[-48.908,-28.638],[-48.996,-28.684],[-49.081,-28.734],[-49.151,-28.779],[-49.184,-28.8],[-49.215,-28.824],[-49.287,-28.88],[-49.312,-28.901],[-49.348,-28.932],[-49.377,-28.955],[-49.421,-28.996],[-49.447,-29.023],[-49.482,-29.06],[-49.514,-29.093],[-49.538,-29.12],[-49.571,-29.157],[-49.644,-29.239],[-49.71,-29.324],[-49.743,-29.31],[-49.774,-29.296],[-49.811,-29.283],[-49.847,-29.273],[-49.857,-29.233],[-49.901,-29.215],[-49.939,-29.203],[-50.0,-29.227],[-50.038,-29.237],[-50.073,-29.248],[-50.114,-29.259],[-50.092,-29.296],[-50.043,-29.336],[-50.072,-29.32],[-50.109,-29.305],[-50.142,-29.292],[-50.15,-29.249],[-50.133,-29.215],[-50.093,-29.222],[-50.097,-29.18],[-50.051,-29.186],[-50.025,-29.164],[-50.005,-29.134],[-49.968,-29.116],[-49.954,-29.076],[-50.007,-29.072],[-49.959,-29.049],[-49.938,-29.023],[-49.92,-28.978],[-49.956,-28.961],[-49.943,-28.923],[-49.941,-28.88],[-49.955,-28.833],[-49.952,-28.784],[-49.928,-28.756],[-49.913,-28.715],[-49.891,-28.739],[-49.869,-28.707],[-49.832,-28.694],[-49.812,-28.658],[-49.795,-28.617],[-49.756,-28.623],[-49.71,-28.625],[-49.708,-28.583],[-49.73,-28.552],[-49.736,-28.513],[-49.77,-28.494],[-49.807,-28.473],[-49.839,-28.496],[-49.869,-28.48],[-49.855,-28.445],[-49.888,-28.458],[-49.927,-28.451],[-49.943,-28.481],[-49.958,-28.449],[-50.002,-28.457],[-50.036,-28.477],[-50.086,-28.472],[-50.126,-28.463],[-50.157,-28.497],[-50.176,-28.452],[-50.223,-28.463],[-50.247,-28.429],[-50.271,-28.456],[-50.3,-28.44],[-50.338,-28.448],[-50.357,-28.42],[-50.379,-28.445],[-50.423,-28.431],[-50.455,-28.41],[-50.499,-28.412],[-50.536,-28.429],[-50.576,-28.393],[-50.625,-28.391],[-50.648,-28.346],[-50.674,-28.303],[-50.695,-28.278],[-50.749,-28.247],[-50.759,-28.202],[-50.784,-28.18],[-50.792,-28.139],[-50.828,-28.119],[-50.856,-28.137],[-50.876,-28.094],[-50.877,-28.041],[-50.922,-28.011],[-50.928,-27.969],[-50.972,-27.956],[-51.01,-27.963],[-51.056,-27.901],[-51.072,-27.865],[-51.098,-27.828],[-51.133,-27.806],[-51.19,-27.777],[-51.235,-27.779],[-51.273,-27.749],[-51.307,-27.719],[-51.316,-27.674],[-51.369,-27.672],[-51.386,-27.623],[-51.42,-27.654],[-51.457,-27.606],[-51.477,-27.57],[-51.513,-27.558],[-51.554,-27.563],[-51.579,-27.539],[-51.622,-27.546],[-51.619,-27.501],[-51.656,-27.52],[-51.675,-27.487],[-51.716,-27.509],[-51.753,-27.487],[-51.798,-27.491],[-51.787,-27.528],[-51.821,-27.512],[-51.843,-27.487],[-51.873,-27.513],[-51.902,-27.496],[-51.916,-27.459],[-51.955,-27.474],[-51.938,-27.443],[-51.955,-27.414],[-52.005,-27.403],[-51.958,-27.394],[-51.987,-27.375],[-52.02,-27.362],[-52.048,-27.344],[-52.097,-27.348],[-52.107,-27.309],[-52.161,-27.314],[-52.166,-27.273],[-52.2,-27.313],[-52.24,-27.307],[-52.277,-27.297],[-52.234,-27.27],[-52.277,-27.262],[-52.297,-27.293],[-52.346,-27.288],[-52.381,-27.259],[-52.395,-27.292],[-52.435,-27.266],[-52.43,-27.223],[-52.478,-27.235],[-52.497,-27.263],[-52.545,-27.24],[-52.59,-27.248],[-52.631,-27.264],[-52.659,-27.238],[-52.679,-27.268],[-52.709,-27.247],[-52.754,-27.257],[-52.759,-27.215],[-52.8,-27.203],[-52.844,-27.206],[-52.851,-27.169],[-52.889,-27.187],[-52.925,-27.202],[-52.951,-27.162],[-52.97,-27.216],[-53.002,-27.19],[-52.984,-27.152],[-53.026,-27.157],[-53.042,-27.126],[-53.02,-27.095],[-53.058,-27.086],[-53.078,-27.116],[-53.072,-27.157],[-53.112,-27.17],[-53.145,-27.156],[-53.176,-27.174],[-53.22,-27.177],[-53.292,-27.196],[-53.317,-27.216],[-53.301,-27.163],[-53.31,-27.118],[-53.352,-27.111],[-53.383,-27.096],[-53.4,-27.128],[-53.457,-27.156],[-53.494,-27.133],[-53.489,-27.182],[-53.518,-27.2],[-53.548,-27.176],[-53.59,-27.187],[-53.635,-27.219],[-53.649,-27.184],[-53.675,-27.161],[-53.714,-27.18],[-53.748,-27.19],[-53.764,-27.154],[-53.802,-27.169],[-53.835,-27.156],[-53.798,-27.145],[-53.818,-27.102],[-53.797,-27.066],[-53.781,-27.032],[-53.753,-27.006],[-53.72,-26.99],[-53.704,-26.96],[-53.672,-26.945],[-53.675,-26.901],[-53.69,-26.864],[-53.697,-26.826],[-53.712,-26.789],[-53.743,-26.762],[-53.753,-26.72],[-53.742,-26.684],[-53.72,-26.652],[-53.754,-26.638],[-53.73,-26.616],[-53.72,-26.56]]],[[[-48.41,-27.389],[-48.399,-27.424],[-48.371,-27.444],[-48.383,-27.486],[-48.413,-27.521],[-48.427,-27.556],[-48.431,-27.601],[-48.449,-27.63],[-48.47,-27.657],[-48.482,-27.692],[-48.502,-27.721],[-48.488,-27.754],[-48.499,-27.794],[-48.539,-27.814],[-48.57,-27.836],[-48.56,-27.792],[-48.58,-27.762],[-48.559,-27.738],[-48.55,-27.698],[-48.571,-27.673],[-48.545,-27.646],[-48.528,-27.614],[-48.559,-27.599],[-48.539,-27.573],[-48.511,-27.552],[-48.517,-27.511],[-48.539,-27.486],[-48.523,-27.452],[-48.483,-27.438],[-48.448,-27.426],[-48.435,-27.393],[-48.41,-27.389]]]]}},{"type":"Feature","properties":{"name":"Sergipe"},"geometry":{"type":"MultiPolygon","coordinates":[[[[-37.96,-9.533],[-37.917,-9.549],[-37.842,-9.58],[-37.808,-9.607],[-37.785,-9.638],[-37.748,-9.626],[-37.699,-9.638],[-37.67,-9.656],[-37.581,-9.734],[-37.466,-9.749],[-37.419,-9.762],[-37.365,-9.786],[-37.321,-9.82],[-37.285,-9.831],[-37.246,-9.886],[-37.196,-9.898],[-37.153,-9.9],[-37.075,-9.966],[-37.049,-9.986],[-37.01,-9.978],[-36.967,-9.994],[-36.958,-10.036],[-36.947,-10.083],[-36.922,-10.124],[-36.895,-10.141],[-36.865,-10.158],[-36.845,-10.185],[-36.811,-10.219],[-36.752,-10.235],[-36.726,-10.259],[-36.683,-10.273],[-36.643,-10.253],[-36.611,-10.271],[-36.589,-10.301],[-36.566,-10.332],[-36.56,-10.393],[-36.545,-10.429],[-36.488,-10.423],[-36.459,-10.407],[-36.431,-10.424],[-36.403,-10.486],[-36.42,-10.519],[-36.461,-10.528],[-36.497,-10.538],[-36.535,-10.553],[-36.579,-10.57],[-36.611,-10.585],[-36.64,-10.604],[-36.68,-10.633],[-36.715,-10.647],[-36.752,-10.668],[-36.807,-10.704],[-36.849,-10.739],[-36.875,-10.766],[-36.907,-10.799],[-36.929,-10.823],[-36.953,-10.851],[-36.986,-10.893],[-37.022,-10.944],[-37.056,-10.998],[-37.076,-11.027],[-37.098,-11.059],[-37.118,-11.086],[-37.141,-11.123],[-37.157,-11.157],[-37.206,-11.221],[-37.256,-11.282],[-37.279,-11.321],[-37.296,-11.356],[-37.309,-11.396],[-37.325,-11.431],[-37.358,-11.445],[-37.394,-11.48],[-37.441,-11.514],[-37.505,-11.525],[-37.553,-11.547],[-37.588,-11.528],[-37.632,-11.518],[-37.664,-11.533],[-37.683,-11.562],[-37.719,-11.55],[-37.752,-11.533],[-37.79,-11.524],[-37.818,-11.503],[-37.848,-11.469],[-37.865,-11.442],[-37.902,-11.428],[-37.929,-11.403],[-37.965,-11.393],[-37.982,-11.348],[-37.993,-11.313],[-37.986,-11.269],[-37.977,-11.222],[-37.996,-11.191],[-38.028,-11.176],[-38.063,-11.163],[-38.07,-11.121],[-38.095,-11.097],[-38.082,-11.063],[-38.105,-11.04],[-38.126,-11.004],[-38.176,-10.985],[-38.184,-10.942],[-38.218,-10.927],[-38.232,-10.895],[-38.239,-10.852],[-38.241,-10.8],[-38.213,-10.759],[-38.213,-10.712],[-38.164,-10.71],[-38.125,-10.718],[-38.092,-10.702],[-38.052,-10.71],[-38.028,-10.738],[-37.999,-10.764],[-37.845,-10.702],[-37.83,-10.584],[-37.84,-10.549],[-37.817,-10.518],[-37.825,-10.477],[-37.859,-10.426],[-37.837,-10.401],[-37.813,-10.366],[-37.784,-10.346],[-37.736,-10.332],[-37.765,-10.196],[-37.775,-10.147],[-37.798,-10.109],[-37.821,-10.057],[-37.831,-10.001],[-37.875,-9.978],[-37.918,-9.974],[-37.96,-9.97],[-37.98,-9.937],[-37.988,-9.894],[-37.974,-9.855],[-37.966,-9.816],[-38.017,-9.787],[-38.038,-9.749],[-38.042,-9.691],[-38.007,-9.651],[-38.026,-9.618],[-38.037,-9.582],[-38.018,-9.553],[-38.003,-9.515],[-37.96,-9.533]]]]}},{"type":"Feature","properties":{"name":"S\u00e3o Paulo"},"geometry":{"type":"MultiPolygon","coordinates":[[[[-46.138,-23.859],[-46.151,-23.897],[-46.179,-23.924],[-46.187,-23.972],[-46.207,-23.998],[-46.257,-23.999],[-46.278,-24.027],[-46.324,-24.022],[-46.305,-23.992],[-46.337,-23.97],[-46.384,-23.97],[-46.392,-24.01],[-46.43,-24.017],[-46.498,-24.04],[-46.605,-24.089],[-46.709,-24.143],[-46.76,-24.171],[-46.789,-24.187],[-46.823,-24.205],[-46.858,-24.228],[-46.887,-24.246],[-46.915,-24.264],[-46.985,-24.316],[-47.001,-24.348],[-47.016,-24.386],[-47.029,-24.426],[-47.078,-24.443],[-47.115,-24.472],[-47.151,-24.497],[-47.178,-24.517],[-47.213,-24.547],[-47.236,-24.572],[-47.284,-24.595],[-47.361,-24.641],[-47.391,-24.659],[-47.432,-24.684],[-47.46,-24.705],[-47.532,-24.738],[-47.561,-24.757],[-47.616,-24.792],[-47.649,-24.816],[-47.675,-24.837],[-47.704,-24.859],[-47.75,-24.895],[-47.81,-24.946],[-47.841,-24.975],[-47.866,-25.004],[-47.884,-25.033],[-47.909,-25.053],[-47.895,-25.092],[-47.918,-25.145],[-47.943,-25.173],[-47.97,-25.198],[-48.0,-25.221],[-48.029,-25.242],[-48.064,-25.277],[-48.096,-25.309],[-48.071,-25.273],[-48.037,-25.243],[-48.085,-25.24],[-48.151,-25.228],[-48.178,-25.206],[-48.167,-25.167],[-48.181,-25.133],[-48.199,-25.102],[-48.212,-25.059],[-48.231,-25.02],[-48.245,-24.989],[-48.277,-25.015],[-48.313,-25.044],[-48.333,-25.07],[-48.351,-25.036],[-48.371,-25.007],[-48.411,-24.98],[-48.474,-25.012],[-48.483,-25.053],[-48.512,-25.083],[-48.559,-25.077],[-48.582,-25.051],[-48.598,-25.019],[-48.584,-24.985],[-48.568,-24.953],[-48.567,-24.903],[-48.546,-24.873],[-48.567,-24.847],[-48.555,-24.806],[-48.53,-24.785],[-48.507,-24.752],[-48.532,-24.73],[-48.56,-24.71],[-48.579,-24.683],[-48.612,-24.669],[-48.644,-24.684],[-48.674,-24.701],[-48.688,-24.669],[-48.727,-24.686],[-48.769,-24.695],[-48.799,-24.675],[-48.828,-24.655],[-48.865,-24.667],[-48.912,-24.673],[-48.958,-24.685],[-48.988,-24.665],[-49.004,-24.634],[-49.034,-24.65],[-49.051,-24.679],[-49.097,-24.681],[-49.157,-24.672],[-49.194,-24.683],[-49.24,-24.698],[-49.294,-24.674],[-49.316,-24.638],[-49.303,-24.596],[-49.314,-24.562],[-49.281,-24.537],[-49.295,-24.501],[-49.263,-24.474],[-49.252,-24.434],[-49.241,-24.385],[-49.2,-24.344],[-49.248,-24.33],[-49.283,-24.308],[-49.301,-24.276],[-49.317,-24.243],[-49.35,-24.22],[-49.339,-24.174],[-49.362,-24.127],[-49.409,-24.108],[-49.429,-24.081],[-49.45,-24.055],[-49.472,-24.027],[-49.492,-23.993],[-49.516,-23.969],[-49.511,-23.925],[-49.555,-23.922],[-49.577,-23.896],[-49.597,-23.871],[-49.592,-23.83],[-49.56,-23.811],[-49.563,-23.764],[-49.554,-23.723],[-49.565,-23.686],[-49.585,-23.658],[-49.617,-23.639],[-49.616,-23.591],[-49.602,-23.558],[-49.624,-23.523],[-49.614,-23.486],[-49.603,-23.451],[-49.569,-23.44],[-49.589,-23.415],[-49.619,-23.396],[-49.595,-23.375],[-49.625,-23.355],[-49.631,-23.304],[-49.64,-23.256],[-49.653,-23.211],[-49.674,-23.178],[-49.703,-23.158],[-49.734,-23.132],[-49.751,-23.097],[-49.795,-23.095],[-49.827,-23.074],[-49.871,-23.069],[-49.911,-23.051],[-49.904,-23.01],[-49.93,-22.983],[-49.965,-22.966],[-49.963,-22.923],[-49.986,-22.897],[-50.005,-22.927],[-50.046,-22.902],[-50.067,-22.927],[-50.113,-22.938],[-50.158,-22.941],[-50.196,-22.953],[-50.241,-22.951],[-50.268,-22.932],[-50.304,-22.944],[-50.345,-22.934],[-50.369,-22.911],[-50.416,-22.913],[-50.446,-22.941],[-50.487,-22.937],[-50.528,-22.924],[-50.577,-22.903],[-50.608,-22.923],[-50.637,-22.906],[-50.676,-22.9],[-50.709,-22.953],[-50.758,-22.947],[-50.803,-22.943],[-50.793,-22.905],[-50.817,-22.879],[-50.842,-22.831],[-50.89,-22.795],[-50.939,-22.804],[-50.976,-22.783],[-51.057,-22.766],[-51.113,-22.76],[-51.154,-22.752],[-51.187,-22.729],[-51.235,-22.708],[-51.263,-22.669],[-51.306,-22.674],[-51.373,-22.658],[-51.424,-22.653],[-51.471,-22.677],[-51.517,-22.69],[-51.559,-22.697],[-51.615,-22.662],[-51.659,-22.657],[-51.699,-22.669],[-51.731,-22.64],[-51.773,-22.614],[-51.847,-22.632],[-51.885,-22.616],[-51.94,-22.567],[-51.998,-22.545],[-52.04,-22.539],[-52.085,-22.523],[-52.135,-22.527],[-52.15,-22.559],[-52.161,-22.597],[-52.156,-22.644],[-52.197,-22.658],[-52.23,-22.638],[-52.278,-22.62],[-52.369,-22.629],[-52.421,-22.611],[-52.483,-22.627],[-52.523,-22.619],[-52.567,-22.589],[-52.603,-22.571],[-52.662,-22.611],[-52.701,-22.627],[-52.75,-22.612],[-52.815,-22.597],[-52.858,-22.608],[-52.885,-22.588],[-52.915,-22.568],[-52.972,-22.57],[-53.012,-22.598],[-53.038,-22.618],[-53.074,-22.641],[-53.105,-22.621],[-53.081,-22.558],[-53.055,-22.535],[-53.013,-22.519],[-52.948,-22.473],[-52.885,-22.452],[-52.839,-22.415],[-52.798,-22.378],[-52.745,-22.343],[-52.695,-22.314],[-52.656,-22.303],[-52.624,-22.28],[-52.579,-22.251],[-52.523,-22.229],[-52.486,-22.215],[-52.457,-22.184],[-52.408,-22.141],[-52.377,-22.106],[-52.345,-22.061],[-52.319,-21.972],[-52.275,-21.915],[-52.232,-21.882],[-52.19,-21.846],[-52.175,-21.798],[-52.153,-21.766],[-52.102,-21.745],[-52.076,-21.714],[-52.049,-21.661],[-52.062,-21.62],[-52.099,-21.57],[-52.077,-21.515],[-51.998,-21.515],[-51.963,-21.496],[-51.939,-21.463],[-51.921,-21.432],[-51.906,-21.385],[-51.867,-21.351],[-51.857,-21.297],[-51.864,-21.225],[-51.875,-21.181],[-51.865,-21.13],[-51.823,-21.126],[-51.789,-21.102],[-51.772,-21.048],[-51.753,-21.014],[-51.725,-20.98],[-51.666,-20.97],[-51.626,-20.946],[-51.613,-20.89],[-51.63,-20.851],[-51.626,-20.791],[-51.628,-20.725],[-51.596,-20.648],[-51.57,-20.62],[-51.523,-20.588],[-51.497,-20.56],[-51.463,-20.501],[-51.421,-20.466],[-51.391,-20.427],[-51.375,-20.396],[-51.35,-20.363],[-51.322,-20.34],[-51.239,-20.316],[-51.167,-20.306],[-51.127,-20.292],[-51.101,-20.274],[-51.069,-20.25],[-51.05,-20.204],[-51.029,-20.15],[-51.001,-20.096],[-50.966,-20.034],[-50.935,-20.017],[-50.908,-19.994],[-50.869,-19.986],[-50.821,-19.959],[-50.794,-19.942],[-50.725,-19.926],[-50.683,-19.915],[-50.636,-19.875],[-50.606,-19.856],[-50.586,-19.826],[-50.547,-19.81],[-50.508,-19.796],[-50.471,-19.779],[-50.414,-19.803],[-50.372,-19.845],[-50.336,-19.868],[-50.285,-19.867],[-50.245,-19.876],[-50.2,-19.867],[-50.159,-19.878],[-50.102,-19.875],[-50.043,-19.916],[-49.96,-19.92],[-49.905,-19.939],[-49.855,-19.946],[-49.798,-19.929],[-49.749,-19.925],[-49.641,-19.931],[-49.605,-19.916],[-49.559,-19.911],[-49.513,-19.915],[-49.487,-19.955],[-49.458,-19.976],[-49.411,-19.982],[-49.356,-19.986],[-49.32,-19.971],[-49.265,-19.962],[-49.248,-19.999],[-49.29,-20.01],[-49.307,-20.073],[-49.305,-20.117],[-49.299,-20.167],[-49.266,-20.227],[-49.238,-20.287],[-49.191,-20.308],[-49.13,-20.28],[-49.089,-20.211],[-49.067,-20.154],[-49.023,-20.152],[-48.988,-20.169],[-48.972,-20.207],[-48.961,-20.263],[-48.968,-20.393],[-48.899,-20.441],[-48.869,-20.406],[-48.88,-20.348],[-48.882,-20.305],[-48.872,-20.241],[-48.853,-20.212],[-48.844,-20.173],[-48.781,-20.163],[-48.732,-20.15],[-48.692,-20.162],[-48.646,-20.166],[-48.596,-20.137],[-48.554,-20.13],[-48.514,-20.137],[-48.458,-20.128],[-48.405,-20.113],[-48.369,-20.122],[-48.319,-20.113],[-48.289,-20.131],[-48.246,-20.14],[-48.219,-20.115],[-48.246,-20.089],[-48.247,-20.035],[-48.203,-20.045],[-48.182,-20.074],[-48.165,-20.103],[-48.126,-20.131],[-48.094,-20.146],[-48.049,-20.137],[-48.019,-20.12],[-47.99,-20.075],[-47.981,-20.036],[-47.948,-20.055],[-47.938,-20.099],[-47.911,-20.118],[-47.878,-20.103],[-47.87,-20.063],[-47.875,-20.02],[-47.851,-19.99],[-47.801,-19.985],[-47.751,-19.99],[-47.712,-19.978],[-47.676,-20.001],[-47.636,-20.048],[-47.594,-20.025],[-47.554,-19.996],[-47.512,-19.983],[-47.481,-19.969],[-47.45,-19.987],[-47.425,-20.012],[-47.439,-20.049],[-47.405,-20.081],[-47.358,-20.104],[-47.309,-20.124],[-47.267,-20.157],[-47.254,-20.192],[-47.231,-20.219],[-47.244,-20.255],[-47.264,-20.282],[-47.281,-20.312],[-47.298,-20.348],[-47.287,-20.387],[-47.295,-20.426],[-47.269,-20.466],[-47.229,-20.486],[-47.199,-20.503],[-47.154,-20.519],[-47.137,-20.561],[-47.122,-20.594],[-47.11,-20.627],[-47.096,-20.659],[-47.112,-20.696],[-47.149,-20.707],[-47.186,-20.731],[-47.195,-20.774],[-47.219,-20.796],[-47.227,-20.855],[-47.224,-20.911],[-47.19,-20.928],[-47.171,-20.956],[-47.143,-20.982],[-47.157,-21.018],[-47.146,-21.059],[-47.128,-21.099],[-47.117,-21.153],[-47.103,-21.199],[-47.065,-21.207],[-47.052,-21.246],[-47.039,-21.28],[-47.021,-21.321],[-46.998,-21.35],[-47.008,-21.392],[-46.992,-21.425],[-46.949,-21.419],[-46.903,-21.416],[-46.868,-21.403],[-46.835,-21.382],[-46.8,-21.371],[-46.764,-21.36],[-46.737,-21.392],[-46.693,-21.39],[-46.665,-21.361],[-46.647,-21.392],[-46.618,-21.421],[-46.585,-21.433],[-46.547,-21.441],[-46.519,-21.462],[-46.516,-21.509],[-46.5,-21.554],[-46.521,-21.584],[-46.534,-21.621],[-46.556,-21.652],[-46.577,-21.684],[-46.619,-21.676],[-46.628,-21.729],[-46.634,-21.768],[-46.661,-21.8],[-46.691,-21.836],[-46.657,-21.869],[-46.672,-21.909],[-46.657,-21.939],[-46.643,-21.974],[-46.618,-21.994],[-46.648,-22.009],[-46.682,-22.028],[-46.664,-22.058],[-46.696,-22.072],[-46.67,-22.097],[-46.634,-22.107],[-46.6,-22.134],[-46.64,-22.157],[-46.668,-22.175],[-46.68,-22.216],[-46.71,-22.263],[-46.715,-22.306],[-46.695,-22.334],[-46.675,-22.369],[-46.668,-22.407],[-46.64,-22.425],[-46.606,-22.44],[-46.572,-22.452],[-46.542,-22.467],[-46.507,-22.506],[-46.466,-22.518],[-46.439,-22.537],[-46.428,-22.583],[-46.404,-22.62],[-46.393,-22.661],[-46.44,-22.668],[-46.48,-22.678],[-46.458,-22.707],[-46.436,-22.731],[-46.392,-22.743],[-46.36,-22.761],[-46.374,-22.818],[-46.376,-22.862],[-46.359,-22.896],[-46.315,-22.887],[-46.279,-22.878],[-46.238,-22.894],[-46.199,-22.87],[-46.155,-22.864],[-46.146,-22.905],[-46.104,-22.901],[-46.051,-22.896],[-46.008,-22.889],[-45.977,-22.865],[-45.95,-22.845],[-45.922,-22.824],[-45.891,-22.844],[-45.87,-22.871],[-45.85,-22.845],[-45.817,-22.832],[-45.791,-22.858],[-45.767,-22.836],[-45.754,-22.792],[-45.726,-22.812],[-45.712,-22.769],[-45.728,-22.729],[-45.796,-22.738],[-45.815,-22.71],[-45.787,-22.693],[-45.758,-22.674],[-45.727,-22.658],[-45.717,-22.62],[-45.701,-22.584],[-45.66,-22.578],[-45.675,-22.626],[-45.647,-22.648],[-45.611,-22.629],[-45.576,-22.602],[-45.555,-22.626],[-45.584,-22.651],[-45.539,-22.652],[-45.5,-22.626],[-45.475,-22.599],[-45.439,-22.61],[-45.408,-22.633],[-45.365,-22.638],[-45.335,-22.622],[-45.293,-22.613],[-45.258,-22.593],[-45.226,-22.566],[-45.178,-22.549],[-45.16,-22.516],[-45.128,-22.497],[-45.092,-22.483],[-45.04,-22.469],[-44.991,-22.466],[-44.94,-22.452],[-44.889,-22.432],[-44.844,-22.427],[-44.808,-22.414],[-44.76,-22.415],[-44.73,-22.44],[-44.723,-22.484],[-44.705,-22.512],[-44.67,-22.539],[-44.641,-22.559],[-44.645,-22.602],[-44.61,-22.616],[-44.573,-22.601],[-44.537,-22.617],[-44.508,-22.64],[-44.485,-22.61],[-44.442,-22.604],[-44.398,-22.603],[-44.371,-22.58],[-44.356,-22.614],[-44.331,-22.589],[-44.295,-22.599],[-44.253,-22.612],[-44.208,-22.614],[-44.184,-22.637],[-44.162,-22.674],[-44.178,-22.707],[-44.202,-22.732],[-44.242,-22.749],[-44.256,-22.787],[-44.27,-22.83],[-44.317,-22.839],[-44.374,-22.858],[-44.413,-22.848],[-44.437,-22.871],[-44.478,-22.867],[-44.526,-22.867],[-44.555,-22.889],[-44.6,-22.888],[-44.635,-22.907],[-44.659,-22.927],[-44.704,-22.934],[-44.743,-22.947],[-44.759,-22.978],[-44.793,-22.993],[-44.801,-23.031],[-44.814,-23.067],[-44.811,-23.115],[-44.824,-23.161],[-44.86,-23.181],[-44.881,-23.212],[-44.864,-23.249],[-44.83,-23.269],[-44.805,-23.29],[-44.78,-23.315],[-44.761,-23.342],[-44.733,-23.364],[-44.773,-23.374],[-44.82,-23.382],[-44.854,-23.361],[-44.891,-23.372],[-44.907,-23.333],[-44.942,-23.357],[-44.962,-23.384],[-45.008,-23.406],[-45.04,-23.421],[-45.067,-23.447],[-45.035,-23.459],[-45.068,-23.478],[-45.082,-23.521],[-45.104,-23.496],[-45.138,-23.511],[-45.165,-23.492],[-45.158,-23.53],[-45.195,-23.52],[-45.228,-23.538],[-45.209,-23.565],[-45.244,-23.593],[-45.277,-23.578],[-45.329,-23.586],[-45.351,-23.614],[-45.383,-23.628],[-45.42,-23.638],[-45.432,-23.677],[-45.42,-23.726],[-45.406,-23.762],[-45.399,-23.809],[-45.431,-23.832],[-45.465,-23.818],[-45.501,-23.839],[-45.537,-23.829],[-45.554,-23.797],[-45.606,-23.8],[-45.636,-23.783],[-45.678,-23.775],[-45.726,-23.77],[-45.768,-23.762],[-45.81,-23.757],[-45.868,-23.761],[-45.978,-23.787],[-46.02,-23.804],[-46.044,-23.83],[-46.075,-23.816],[-46.118,-23.835],[-46.143,-23.86],[-46.138,-23.859]]],[[[-45.321,-23.915],[-45.358,-23.928],[-45.399,-23.933],[-45.443,-23.934],[-45.461,-23.896],[-45.437,-23.87],[-45.412,-23.847],[-45.386,-23.826],[-45.365,-23.801],[-45.349,-23.764],[-45.335,-23.725],[-45.293,-23.733],[-45.257,-23.748],[-45.234,-23.776],[-45.239,-23.818],[-45.269,-23.838],[-45.29,-23.866],[-45.268,-23.891],[-45.224,-23.902],[-45.236,-23.942],[-45.262,-23.964],[-45.285,-23.941],[-45.304,-23.909],[-45.321,-23.915]]]]}},{"type":"Feature","properties":{"name":"Tocantins"},"geometry":{"type":"MultiPolygon","coordinates":[[[[-47.033,-8.982],[-47.062,-9.007],[-47.054,-9.048],[-47.029,-9.072],[-46.986,-9.076],[-46.943,-9.064],[-46.912,-9.082],[-46.926,-9.117],[-46.89,-9.131],[-46.86,-9.147],[-46.851,-9.184],[-46.819,-9.211],[-46.819,-9.26],[-46.844,-9.284],[-46.818,-9.303],[-46.799,-9.338],[-46.774,-9.361],[-46.765,-9.402],[-46.723,-9.396],[-46.674,-9.39],[-46.646,-9.407],[-46.627,-9.465],[-46.593,-9.482],[-46.575,-9.512],[-46.549,-9.544],[-46.579,-9.584],[-46.606,-9.63],[-46.653,-9.693],[-46.642,-9.741],[-46.596,-9.747],[-46.569,-9.769],[-46.562,-9.81],[-46.512,-9.799],[-46.493,-9.827],[-46.482,-9.873],[-46.478,-9.923],[-46.471,-9.973],[-46.457,-10.018],[-46.443,-10.077],[-46.383,-10.12],[-46.367,-10.168],[-46.327,-10.183],[-46.273,-10.181],[-46.21,-10.169],[-46.164,-10.212],[-46.099,-10.212],[-46.05,-10.181],[-46.019,-10.22],[-46.003,-10.261],[-45.946,-10.258],[-45.877,-10.239],[-45.843,-10.259],[-45.793,-10.267],[-45.744,-10.24],[-45.726,-10.207],[-45.726,-10.156],[-45.705,-10.188],[-45.697,-10.263],[-45.724,-10.317],[-45.744,-10.347],[-45.792,-10.352],[-45.824,-10.366],[-45.82,-10.41],[-45.844,-10.44],[-45.888,-10.449],[-45.962,-10.509],[-45.988,-10.532],[-46.025,-10.542],[-46.059,-10.574],[-46.077,-10.607],[-46.115,-10.619],[-46.156,-10.63],[-46.211,-10.649],[-46.188,-10.685],[-46.204,-10.726],[-46.251,-10.757],[-46.229,-10.794],[-46.275,-10.823],[-46.292,-10.859],[-46.283,-10.897],[-46.317,-10.927],[-46.36,-10.961],[-46.388,-10.987],[-46.406,-11.019],[-46.446,-11.09],[-46.453,-11.156],[-46.472,-11.191],[-46.582,-11.246],[-46.609,-11.284],[-46.601,-11.347],[-46.562,-11.374],[-46.548,-11.408],[-46.525,-11.432],[-46.52,-11.483],[-46.486,-11.505],[-46.445,-11.514],[-46.411,-11.542],[-46.36,-11.535],[-46.313,-11.539],[-46.27,-11.557],[-46.218,-11.581],[-46.187,-11.606],[-46.141,-11.608],[-46.091,-11.618],[-46.131,-11.646],[-46.169,-11.653],[-46.221,-11.644],[-46.256,-11.621],[-46.304,-11.625],[-46.294,-11.678],[-46.329,-11.737],[-46.366,-11.745],[-46.339,-11.766],[-46.334,-11.809],[-46.355,-11.842],[-46.374,-11.868],[-46.326,-11.896],[-46.285,-11.886],[-46.238,-11.902],[-46.201,-11.888],[-46.175,-11.91],[-46.201,-11.93],[-46.248,-11.947],[-46.325,-11.958],[-46.356,-11.981],[-46.373,-12.009],[-46.396,-12.033],[-46.38,-12.062],[-46.368,-12.098],[-46.379,-12.16],[-46.368,-12.199],[-46.373,-12.245],[-46.372,-12.29],[-46.328,-12.298],[-46.351,-12.32],[-46.324,-12.356],[-46.285,-12.379],[-46.304,-12.405],[-46.265,-12.412],[-46.247,-12.447],[-46.254,-12.493],[-46.183,-12.477],[-46.152,-12.513],[-46.194,-12.53],[-46.255,-12.547],[-46.28,-12.584],[-46.29,-12.631],[-46.256,-12.656],[-46.284,-12.679],[-46.264,-12.717],[-46.28,-12.75],[-46.28,-12.805],[-46.267,-12.839],[-46.284,-12.878],[-46.294,-12.914],[-46.304,-12.949],[-46.266,-12.932],[-46.22,-12.94],[-46.184,-12.923],[-46.139,-12.909],[-46.161,-12.934],[-46.194,-12.956],[-46.237,-12.962],[-46.277,-12.971],[-46.32,-12.98],[-46.363,-12.991],[-46.372,-12.944],[-46.36,-12.908],[-46.366,-12.864],[-46.398,-12.851],[-46.417,-12.823],[-46.432,-12.93],[-46.451,-12.957],[-46.511,-12.97],[-46.633,-12.97],[-46.75,-12.969],[-46.819,-13.002],[-46.834,-13.033],[-46.855,-13.059],[-46.902,-13.067],[-46.929,-13.086],[-46.954,-13.111],[-46.978,-13.131],[-47.019,-13.145],[-47.061,-13.161],[-47.087,-13.182],[-47.132,-13.178],[-47.153,-13.21],[-47.182,-13.188],[-47.223,-13.193],[-47.25,-13.212],[-47.267,-13.241],[-47.311,-13.251],[-47.356,-13.245],[-47.392,-13.262],[-47.427,-13.289],[-47.454,-13.249],[-47.487,-13.22],[-47.509,-13.189],[-47.563,-13.184],[-47.561,-13.124],[-47.618,-13.104],[-47.645,-13.128],[-47.661,-13.16],[-47.665,-13.203],[-47.651,-13.238],[-47.657,-13.299],[-47.65,-13.351],[-47.627,-13.384],[-47.649,-13.409],[-47.667,-13.436],[-47.8,-13.333],[-47.824,-13.311],[-47.864,-13.316],[-47.902,-13.307],[-47.935,-13.29],[-47.966,-13.315],[-47.982,-13.286],[-48.022,-13.279],[-48.043,-13.255],[-48.076,-13.238],[-48.08,-13.279],[-48.118,-13.29],[-48.151,-13.306],[-48.156,-13.25],[-48.161,-13.208],[-48.154,-13.165],[-48.195,-13.172],[-48.238,-13.18],[-48.265,-13.205],[-48.3,-13.223],[-48.342,-13.228],[-48.371,-13.249],[-48.401,-13.27],[-48.436,-13.284],[-48.461,-13.263],[-48.472,-13.223],[-48.477,-13.178],[-48.479,-13.133],[-48.522,-13.14],[-48.53,-13.184],[-48.553,-13.225],[-48.559,-13.274],[-48.567,-13.311],[-48.6,-13.295],[-48.591,-13.256],[-48.583,-13.217],[-48.577,-13.174],[-48.581,-13.128],[-48.597,-13.085],[-48.619,-13.052],[-48.638,-13.018],[-48.674,-12.995],[-48.717,-13.002],[-48.732,-12.968],[-48.736,-12.921],[-48.763,-12.902],[-48.791,-12.884],[-48.813,-12.86],[-48.842,-12.844],[-48.856,-12.805],[-48.934,-12.897],[-48.975,-12.957],[-49.004,-12.932],[-49.024,-12.906],[-49.078,-12.903],[-49.07,-12.859],[-49.096,-12.836],[-49.115,-12.802],[-49.144,-12.817],[-49.17,-12.84],[-49.196,-12.867],[-49.231,-12.883],[-49.246,-12.916],[-49.279,-12.973],[-49.3,-13.023],[-49.322,-13.052],[-49.354,-13.103],[-49.353,-13.148],[-49.347,-13.189],[-49.34,-13.236],[-49.369,-13.274],[-49.457,-13.226],[-49.608,-13.143],[-49.815,-13.026],[-49.908,-12.974],[-49.939,-12.957],[-49.978,-12.939],[-50.017,-12.929],[-50.062,-12.919],[-50.103,-12.908],[-50.149,-12.903],[-50.195,-12.89],[-50.225,-12.874],[-50.25,-12.853],[-50.283,-12.84],[-50.307,-12.818],[-50.304,-12.774],[-50.292,-12.737],[-50.3,-12.68],[-50.264,-12.663],[-50.255,-12.625],[-50.234,-12.577],[-50.203,-12.564],[-50.229,-12.532],[-50.216,-12.485],[-50.196,-12.458],[-50.165,-12.437],[-50.142,-12.396],[-50.171,-12.418],[-50.212,-12.437],[-50.252,-12.462],[-50.283,-12.479],[-50.312,-12.497],[-50.334,-12.523],[-50.365,-12.546],[-50.382,-12.577],[-50.401,-12.613],[-50.418,-12.651],[-50.436,-12.68],[-50.464,-12.703],[-50.482,-12.739],[-50.493,-12.785],[-50.491,-12.828],[-50.511,-12.86],[-50.566,-12.843],[-50.597,-12.826],[-50.625,-12.8],[-50.623,-12.734],[-50.638,-12.701],[-50.654,-12.673],[-50.682,-12.647],[-50.705,-12.613],[-50.668,-12.596],[-50.686,-12.569],[-50.665,-12.537],[-50.652,-12.494],[-50.642,-12.452],[-50.618,-12.429],[-50.628,-12.393],[-50.644,-12.346],[-50.648,-12.299],[-50.632,-12.268],[-50.644,-12.222],[-50.686,-12.202],[-50.679,-12.155],[-50.67,-12.097],[-50.679,-12.052],[-50.684,-12.01],[-50.665,-11.975],[-50.667,-11.927],[-50.64,-11.902],[-50.659,-11.867],[-50.687,-11.828],[-50.702,-11.796],[-50.714,-11.757],[-50.69,-11.7],[-50.663,-11.672],[-50.664,-11.626],[-50.675,-11.582],[-50.716,-11.578],[-50.74,-11.538],[-50.742,-11.454],[-50.727,-11.412],[-50.72,-11.371],[-50.706,-11.332],[-50.679,-11.295],[-50.658,-11.247],[-50.661,-11.202],[-50.663,-11.159],[-50.643,-11.123],[-50.616,-11.083],[-50.611,-11.043],[-50.617,-11.002],[-50.623,-10.96],[-50.6,-10.9],[-50.619,-10.864],[-50.611,-10.821],[-50.59,-10.786],[-50.57,-10.752],[-50.582,-10.71],[-50.602,-10.673],[-50.582,-10.644],[-50.563,-10.611],[-50.531,-10.58],[-50.523,-10.54],[-50.5,-10.495],[-50.473,-10.404],[-50.444,-10.383],[-50.418,-10.356],[-50.405,-10.284],[-50.382,-10.221],[-50.389,-10.175],[-50.385,-10.122],[-50.359,-10.094],[-50.339,-10.061],[-50.307,-10.04],[-50.292,-10.003],[-50.277,-9.97],[-50.267,-9.934],[-50.243,-9.871],[-50.226,-9.843],[-50.209,-9.802],[-50.197,-9.758],[-50.161,-9.712],[-50.15,-9.674],[-50.139,-9.627],[-50.107,-9.594],[-50.089,-9.545],[-50.107,-9.508],[-50.09,-9.431],[-50.065,-9.4],[-50.055,-9.342],[-50.044,-9.301],[-50.019,-9.281],[-49.994,-9.234],[-49.958,-9.22],[-49.907,-9.173],[-49.871,-9.104],[-49.85,-9.059],[-49.793,-8.979],[-49.77,-8.938],[-49.745,-8.906],[-49.684,-8.856],[-49.641,-8.846],[-49.592,-8.839],[-49.569,-8.807],[-49.543,-8.761],[-49.489,-8.692],[-49.471,-8.648],[-49.451,-8.612],[-49.409,-8.58],[-49.391,-8.489],[-49.377,-8.455],[-49.349,-8.418],[-49.313,-8.403],[-49.283,-8.379],[-49.27,-8.343],[-49.253,-8.271],[-49.236,-8.232],[-49.218,-8.199],[-49.203,-8.14],[-49.199,-8.087],[-49.176,-8.054],[-49.175,-8.009],[-49.169,-7.954],[-49.163,-7.913],[-49.167,-7.849],[-49.15,-7.81],[-49.195,-7.777],[-49.228,-7.753],[-49.264,-7.723],[-49.296,-7.696],[-49.341,-7.657],[-49.36,-7.614],[-49.381,-7.566],[-49.378,-7.496],[-49.319,-7.431],[-49.265,-7.367],[-49.234,-7.329],[-49.215,-7.297],[-49.185,-7.235],[-49.187,-7.178],[-49.193,-7.129],[-49.191,-7.075],[-49.195,-7.026],[-49.209,-6.983],[-49.214,-6.938],[-49.183,-6.908],[-49.15,-6.888],[-49.12,-6.872],[-49.083,-6.843],[-49.043,-6.815],[-49.018,-6.784],[-48.968,-6.779],[-48.926,-6.762],[-48.849,-6.749],[-48.777,-6.736],[-48.736,-6.692],[-48.686,-6.679],[-48.66,-6.657],[-48.652,-6.612],[-48.664,-6.57],[-48.646,-6.523],[-48.631,-6.488],[-48.613,-6.453],[-48.565,-6.415],[-48.53,-6.389],[-48.507,-6.355],[-48.447,-6.351],[-48.407,-6.368],[-48.375,-6.346],[-48.412,-6.306],[-48.425,-6.233],[-48.436,-6.193],[-48.419,-6.163],[-48.391,-6.146],[-48.334,-6.137],[-48.305,-6.118],[-48.283,-6.081],[-48.302,-6.047],[-48.337,-6.031],[-48.328,-5.995],[-48.299,-5.971],[-48.252,-5.96],[-48.23,-5.926],[-48.245,-5.896],[-48.273,-5.866],[-48.29,-5.838],[-48.299,-5.782],[-48.289,-5.742],[-48.22,-5.728],[-48.174,-5.709],[-48.156,-5.678],[-48.135,-5.637],[-48.174,-5.576],[-48.212,-5.554],[-48.261,-5.548],[-48.3,-5.523],[-48.325,-5.493],[-48.341,-5.457],[-48.358,-5.421],[-48.384,-5.394],[-48.441,-5.408],[-48.491,-5.426],[-48.557,-5.416],[-48.603,-5.419],[-48.643,-5.389],[-48.68,-5.378],[-48.731,-5.375],[-48.755,-5.349],[-48.713,-5.352],[-48.699,-5.32],[-48.651,-5.311],[-48.612,-5.338],[-48.584,-5.311],[-48.568,-5.272],[-48.561,-5.23],[-48.539,-5.205],[-48.486,-5.193],[-48.363,-5.168],[-48.32,-5.201],[-48.283,-5.21],[-48.242,-5.225],[-48.209,-5.247],[-48.108,-5.266],[-48.067,-5.271],[-48.014,-5.238],[-47.958,-5.239],[-47.885,-5.26],[-47.867,-5.305],[-47.843,-5.376],[-47.793,-5.384],[-47.742,-5.381],[-47.685,-5.412],[-47.618,-5.459],[-47.58,-5.47],[-47.511,-5.513],[-47.483,-5.565],[-47.479,-5.621],[-47.473,-5.662],[-47.493,-5.71],[-47.483,-5.756],[-47.463,-5.786],[-47.442,-5.83],[-47.431,-5.869],[-47.43,-5.935],[-47.448,-5.993],[-47.428,-6.038],[-47.434,-6.093],[-47.416,-6.177],[-47.401,-6.209],[-47.383,-6.24],[-47.409,-6.332],[-47.412,-6.376],[-47.431,-6.425],[-47.416,-6.485],[-47.456,-6.538],[-47.464,-6.585],[-47.483,-6.644],[-47.495,-6.681],[-47.494,-6.754],[-47.516,-6.79],[-47.528,-6.83],[-47.507,-6.872],[-47.529,-6.946],[-47.535,-6.987],[-47.574,-7.05],[-47.618,-7.091],[-47.636,-7.132],[-47.667,-7.149],[-47.708,-7.137],[-47.745,-7.162],[-47.736,-7.216],[-47.691,-7.238],[-47.656,-7.292],[-47.612,-7.279],[-47.541,-7.265],[-47.499,-7.293],[-47.483,-7.322],[-47.485,-7.367],[-47.512,-7.386],[-47.563,-7.406],[-47.59,-7.439],[-47.529,-7.433],[-47.499,-7.466],[-47.48,-7.506],[-47.439,-7.521],[-47.421,-7.563],[-47.388,-7.596],[-47.381,-7.654],[-47.358,-7.617],[-47.323,-7.655],[-47.302,-7.689],[-47.313,-7.73],[-47.27,-7.734],[-47.246,-7.758],[-47.24,-7.802],[-47.215,-7.835],[-47.187,-7.854],[-47.163,-7.879],[-47.145,-7.912],[-47.116,-7.939],[-47.099,-7.978],[-47.062,-8.005],[-47.053,-8.041],[-47.02,-8.06],[-46.986,-8.049],[-46.954,-8.026],[-46.923,-7.992],[-46.889,-7.975],[-46.859,-7.96],[-46.816,-7.955],[-46.773,-7.943],[-46.742,-7.923],[-46.708,-7.91],[-46.668,-7.904],[-46.604,-7.896],[-46.576,-7.916],[-46.549,-7.949],[-46.492,-7.981],[-46.477,-8.012],[-46.466,-8.066],[-46.489,-8.097],[-46.514,-8.167],[-46.487,-8.2],[-46.505,-8.228],[-46.521,-8.291],[-46.544,-8.319],[-46.585,-8.326],[-46.635,-8.319],[-46.667,-8.334],[-46.706,-8.351],[-46.726,-8.382],[-46.782,-8.368],[-46.795,-8.404],[-46.802,-8.444],[-46.825,-8.474],[-46.846,-8.501],[-46.852,-8.543],[-46.877,-8.564],[-46.902,-8.586],[-46.911,-8.626],[-46.895,-8.659],[-46.914,-8.708],[-46.924,-8.744],[-46.906,-8.774],[-46.908,-8.819],[-46.917,-8.855],[-46.959,-8.875],[-46.989,-8.892],[-46.996,-8.932],[-47.015,-8.96],[-47.033,-8.982]]]]}},{"type":"Feature","properties":{"name":"Distrito Federal"},"geometry":{"type":"MultiPolygon","coordinates":[[[[-47.309,-16.035],[-47.416,-16.05],[-47.463,-16.05],[-47.537,-16.05],[-47.617,-16.05],[-47.683,-16.05],[-47.814,-16.05],[-47.939,-16.051],[-48.022,-16.051],[-48.086,-16.051],[-48.161,-16.051],[-48.258,-16.051],[-48.272,-16.018],[-48.26,-15.977],[-48.252,-15.94],[-48.27,-15.911],[-48.278,-15.874],[-48.282,-15.829],[-48.246,-15.797],[-48.226,-15.771],[-48.206,-15.741],[-48.218,-15.708],[-48.236,-15.659],[-48.219,-15.622],[-48.199,-15.546],[-48.197,-15.501],[-48.131,-15.5],[-48.053,-15.5],[-47.619,-15.5],[-47.527,-15.5],[-47.466,-15.5],[-47.417,-15.5],[-47.417,-15.546],[-47.389,-15.567],[-47.357,-15.581],[-47.315,-15.594],[-47.333,-15.629],[-47.327,-15.673],[-47.312,-15.707],[-47.319,-15.755],[-47.338,-15.794],[-47.357,-15.821],[-47.369,-15.858],[-47.372,-15.906],[-47.372,-15.96],[-47.364,-16.0],[-47.329,-16.025],[-47.309,-16.035]]]]}}]}